address,epoch_245_chain_expected_delta_gnk,epoch_246_chain_expected_delta_gnk,epoch_247_chain_expected_delta_gnk,epoch_248_chain_expected_delta_gnk,epoch_249_chain_expected_delta_gnk,epoch_250_chain_expected_delta_gnk,epoch_251_chain_expected_delta_gnk,epoch_252_chain_expected_delta_gnk,epoch_253_chain_expected_delta_gnk,epoch_254_chain_expected_delta_gnk,epoch_255_chain_expected_delta_gnk,total_chain_expected_delta_gnk
gonka1uf5cg7ef0ns6877nl27y0s6rt06cdmn40k5a88,,20.861885309,23.144084638,,,,,,,,,44.005969947
gonka1qu9mna5xlvlnw9455ygtjq92wuzkzm237w8l08,0.935351086,5.057426742,,,,,,,,,,5.992777828
gonka1zsvl7ujlc8z3a35v2q6e3nml7ftyk23v76jqgl,,,,,,,,,,,,
gonka1zpw8tml8xl4fm6zm8zpf2u4pq4tehmd9e2vgq7,,,,,,,,,,,,
gonka1zktn8j65wlys8a8e38hqhf4y3x6m4x04zskkrx,,,,,,,,,,,,
gonka1yukev873tps58s6rlkh6czs5rrqp2sdqw7pm58,,,,,,,,,,,,
gonka1yt2s5u5k06rm2au8dsqm4kzwmw7klqsrd6xd95,,,,,,,,,,,,
gonka1yrfq267gf5jz76m3j5sln7f5h00t9g6fmat4gp,,,,,,,,,,,,
gonka1ym8g5f34h5zu4p4d4ldjnycfkty9qxpmyx5a3m,,,,,,,,,,,,
gonka1ym3np7guxart483yfdxnlztuazx22cjt0e4a2p,,,,,,,,,,,,
gonka1yewc6rmr5zhcpy6dnpt4wup990j299qt03x40s,,,,,,,,,,,,
gonka1yal0ysgzc860zt3y8cds8656tnueusgymftvkw,,,,,,,,,,,,
gonka1y4kyhqy022gt4kklxxflgqkutnx96ssww66zg6,,,,,,,,,,,,
gonka1y2a9p56kv044327uycmqdexl7zs82fs5ryv5le,,,,,,,,,,,,
gonka1xwkesaxvdadh9wt9yyladu0r260s7whklcktds,,,,,,,,,,,,
gonka1xmgcpaw6n57ewn6s2fhggxaakemaaxuv4pdpmq,,,,,,,,,,,,
gonka1xfg6ed596n8ka7tjp7j604prf5n4mgv3h9d02t,,,,,,,,,,,,
gonka1x7zh2277spp7jfqjhv0g5mnezg290xdr4kpfnk,,,,,,,,,,,,
gonka1x20c5d9wzatlr0t69xjm05x9uemq9mnk00udfa,,,,,,,,,,,,
gonka1wzujgkw64xvz3vqttg7ktl5tlsdga7l53g6d55,,,,,,,,,,,,
gonka1wvv656pt2d8x2khcvytqeessck5uzjnxzsa8f6,,,,,,,,,,,,
gonka1wthc28t25pg63hzvl07rl8e8r6km6hesl6jhsz,,,,,,,,,,,,
gonka1wkgawwdzj623ss8eywayzdj6qcgr2llygactje,,,,,,,,,,,,
gonka1wfn87ruutktth7l8ne3rvhmlsscqxah09kua02,,,,,,,,,,,,
gonka1w29nvdy6caqtrw30whz9h6ghl0xszwh3egndah,,,,,,,,,,,,
gonka1vz2jg42w39l63dmvmjqdsnxx0ywnzt9nzypdy7,,,,,,,,,,,,
gonka1vjz8csqsr0ph0lv0yylc4auypnzrld7y6l2feu,,,,,,,,,,,,
gonka1vcvn2p5gczr5pynqq0ca0933tdrf5w64sjgtdg,,,,,,,,,,,,
gonka1vcawx5jc2hahydd9sqw30hlxyd9ppupm9ez0yz,,,,,,,,,,,,
gonka1uzk2scggfzghr9a5j92l00gzw4jx4adc66977y,,,,,,,,,,,,
gonka1usmu5mfu8vsafvsrsvdutl50vy8kumdhv0j2x9,,,,,,,,,,,,
gonka1upq4e3ahzea8mu5mhrdptff94xru98lx47h43z,,,,,,,,,,,,
gonka1umvyh0rz5fdmk9qhxurshhchennajced6f4s89,,,,,,,,,,,,
gonka1ujnc662v6g69jm6fgxnr79a2m7ehzeut059239,,,,,,,,,,,,
gonka1uhqpup9fev3zahlx6n326lp0krznc6usjtx6lu,,,,,,,,,,,,
gonka1uawu7tlxcuss8xk9m63fpjm86y58chsg5xwsjt,,,,,,,,,,,,
gonka1u9a7r4w76gult5n9ysadnual9fghkc6yda60wj,,,,,,,,,,,,
gonka1u4zxypjgcr8khlzefwjr0vwdaj2uzruw2cehj3,,,,,,,,,,,,
gonka1tmk2tzdneht6smu34pkmqdvu7p34qavvmwtwq2,,,,,,,,,,,,
gonka1tlvg4kjx7ljd5thgd5fkgh39q6lu8cmxupktgg,,,,,,,,,,,,
gonka1tl5m3vuqsx333v7095ymwjdc4vdk2wd9r5hqws,,,,,,,,,,,,
gonka1tja3g2da45efhe2p83gk3whtussmgmtsdlgprt,,,,,,,,,,,,
gonka1t8p0tjqls358gmzvd3rnnjulraq2k3m772vnt8,,,,,,,,,,,,
gonka1sq6myvv8r263v4ll5l3ny790nsg5s4507crtqr,,,,,,,,,,,,
gonka1slndy4rsmld579628302rj5gz8z9qf4v6ppmc4,,,,,,,,,,,,
gonka1sa32xmpxvv7nepfc22004rgdl4ddjvne42guce,,,,,,,,,,,,
gonka1s43peau7vafujfxyape603yklhdzjh2stq702z,,,,,,,,,,,,
gonka1rcpc45n6zch9qlkn4m3cwngekad89xu8mcr09v,,,,,,,,,,,,
gonka1r5hdy9q5v783ef7td98k4c68cxl6a58h5sytfq,,,,,,,,,,,,
gonka1qx4f2vzhccv0ndhssfgafvf55xf4smuzjmkvky,,,,,,,,,,,,
gonka1qwfrtz9c7kcrfkrrlne2pkcye74mj6ce33xdkl,,,,,,,,,,,,
gonka1qv2dwvqxt542k5ewhggm2wtcpadvzg6mzupzg8,,,,,,,,,,,,
gonka1qsuduuah26qpym3te4tr6u8lh3hmecaxn9j7te,,,,,,,,,,,,
gonka1qnj39ysxpzknvrr5dw9rdl7cx5q7dpkwerryrs,,,,,,,,,,,,
gonka1ql9asemklpkpr2d4mh33xw5gj0g5tm0v98c5q3,,,,,,,,,,,,
gonka1qa90tgczc0k5dvk4l5nvlf5y6phgm6mg22sfjv,,,,,,,,,,,,
gonka1q5xt54wncgzk7dxv9x64uln68455g83wu9tugg,,,,,,,,,,,,
gonka1pvkv59e72vju2h7s9j3ex62c5xneqey350vpwn,,,,,,,,,,,,
gonka1psgzz288a434dv6863ldd73xma70zw7387muj2,,,,,,,,,,,,
gonka1pllyukkeymx3hfd9mts3pryr9y6efs9eshty87,,,,,,,,,,,,
gonka1pcu4wfdv2jtpfsnhgjk4zp7d46z47928xj73st,,,,,,,,,,,,
gonka1p60lruhxmwcsa9taa28cp4k4f6kv2kvyu5h5ep,,,,,,,,,,,,
gonka1p3hklp6flhdffdkwr70azcsum77fha3ecqwgg0,,,,,,,,,,,,
gonka1p2lhgng7tcqju7emk989s5fpdr7k2c3ek6h26m,,,,,,,,,,,,
gonka1nvvrc06zpk7cwmrekehlr8yqw4mgdfq94dc4ay,,,,,,,,,,,,
gonka1nkzdygk3g2p2usnueuqxyep3462350hgzxs86s,,,,,,,,,,,,
gonka1myu058axjs62mc3e7na9krwvqpfl9z3gtcw9es,,,,,,,,,,,,
gonka1mmlyd5xxu5l68yx8wzclrkxkxvm88mhq5tp5s0,,,,,,,,,,,,
gonka1mdy7nlecw4xaqdxmeh3qlqzakg9ftge9szfqgg,,,,,,,,,,,,
gonka1m27e6qup7q8jmvnrn29kahd7vlx6r4l84z4thz,,,,,,,,,,,,
gonka1lyc347ysjruw7hvvejekqwu0y62cq0898dzarl,,,,,,,,,,,,
gonka1lwl6qhrdqw43sqc2y4eclfrngf799rnm7mmx87,,,,,,,,,,,,
gonka1lswsj2x7u4606wqpunmm07skgf76r3dyz4v0d8,,,,,,,,,,,,
gonka1lr9mj6dgkv0h76c8y8w0l3esztyg9v2q8d6d8d,,,,,,,,,,,,
gonka1llgg3kvg9sc6xz09jtkcrucrppxgn78xe4xlv0,,,,,,,,,,,,
gonka1l7p83akwkcxtksnwve23x5wp47zammznm4qus8,,,,,,,,,,,,
gonka1l6pp6p5hgaa69rj0eazn73f7gkawue94fq5v9g,,,,,,,,,,,,
gonka1l0qv64xdu3dk2zzm5vk97j0drcmkus95u50gqk,,,,,,,,,,,,
gonka1l0enytn32rklk95dxrdt3v39hktxdw79trvgj5,,,,,,,,,,,,
gonka1kx9mca3xm8u8ypzfuhmxey66u0ufxhs7nm6wc5,,,,,,,,,,,,
gonka1kdmstpljv33v8lz457lmj8f9g995l7ygwm460s,,,,,,,,,,,,
gonka1k6p754pyhxud2399knyccgjpjvdafj2u9xlgyf,,,,,,,,,,,,
gonka1jrgm47v5eg876udmzg6j6glqcsd5x0vk6crpax,,,,,,,,,,,,
gonka1jltjehxsnum94nt8c00ts7khmpy4lafv6gryzk,,,,,,,,,,,,
gonka1jcxsgcnctv69xd9v35qy45m45pg3wwhn0f8pl2,,,,,,,,,,,,
gonka1jcelp2ad2x0jf2vnyhkhd6wquug0zpd09sxxw4,,,,,,,,,,,,
gonka1hytku6t3cfd7wppyrjvu357jjqpsgsw6wcprcy,,,,,,,,,,,,
gonka1hwvel7n3zuk6wruefuzc356l9myske9stckwnz,,,,,,,,,,,,
gonka1h3s37p0l23mg6ak9h9nmayh6r9f2vm6umj3qet,,,,,,,,,,,,
gonka1h2m79scgaq6ultrwge03wjk0ys4whgcejphmql,,,,,,,,,,,,
gonka1gyydhl9lp0udz3409ps0c0lk0y4ft8qcyv8tfq,,,,,,,,,,,,
gonka1gyk0aahvr3qeju4zx0nplfreej6cy4jjk8svc5,,,,,,,,,,,,
gonka1gt0406jz45mjt0jujqtfd3m9lcyah93t0wj084,,,,,,,,,,,,
gonka1ge9amk4ymld27d35akj3ky9uph4gyz6rdpepjj,,,,,,,,,,,,
gonka1fwjwxw6cvspwautdrhr2jf4mfayy074t5npwnx,,,,,,,,,,,,
gonka1fvly5jrewyjmjfgwah3khy9rttq4cqajcesv9p,,,,,,,,,,,,
gonka1fp8zl07qccdzuekns2q55jgmcag40kjrm8z0z9,,,,,,,,,,,,
gonka1fkrsesmn2hdj30fhwyam6h4f2e77un36xalhvl,,,,,,,,,,,,
gonka1fc9tzt83dgrqswlgay4668cuqjrk7zsqks2vm2,,,,,,,,,,,,
gonka1famtxh54kad6ylwtm60j6d7h6unpc08d4vdqnk,,,,,,,,,,,,
gonka1f0u3y2wneer8zhz3ypw4x54h38cpa0qsy8ts3e,,,,,,,,,,,,
gonka1elw9xd79mpsrt7jqwkweg6yv02nvda49xhcej2,,,,,,,,,,,,
gonka1edyd5lny4esrc35f6egjukmnfseyyyj4vn54mc,,,,,,,,,,,,
gonka1ecercvenlsnghx4yakvdpdq2mantyh5ythhn29,,,,,,,,,,,,
gonka1eazh84v0e60s9m7exxp3nsadcfgvnsthgypjvl,,,,,,,,,,,,
gonka1e94a7r2tn3n8ewa3mha3vjnq2dkvgt5stfqgqg,,,,,,,,,,,,
gonka1e38cgywjkf4hejnf9utmpguq3qug0s5rd45kqm,,,,,,,,,,,,
gonka1dzdmx5ljrwkelrmgd7suv2q43epn293qacpgqn,,,,,,,,,,,,
gonka1duuaqdx06sx8v2dzggltwwmqyuw8lvjkjq7xll,,,,,,,,,,,,
gonka1dpt9zx2dqcky6yjjwrd8xz2w7lq6vffy9mhvgs,,,,,,,,,,,,
gonka1dkl4mah5erqggvhqkpc8j3qs5tyuetgdy552cp,,,,,,,,,,,,
gonka1dhn7hjn6udpyv6gkhfulnalufv4947a4e9kyne,,,,,,,,,,,,
gonka1d7p03cu2y2yt3vytq9wlfm6tlz0lfhlgv9h82p,,,,,,,,,,,,
gonka1d7ghexkrnm00fh695zcd00xgfgwxe2vvamcsdt,,,,,,,,,,,,
gonka1d694r00czmq75txghwjcuk07lxvc8d4ekgsha0,,,,,,,,,,,,
gonka1cckj93kp9kegry64scpn4ew9965g3qrswyshl9,,,,,,,,,,,,
gonka1ccdm8j6sjyhq4qask049dwgaczs7f3pxte6zmp,,,,,,,,,,,,
gonka1c6y9p4w87equy52va4us3qzycz9w28ua9693gl,,,,,,,,,,,,
gonka1amlmhjym02shahjv8ldmupg4cx0qc66q6f85rj,,,,,,,,,,,,
gonka19qkysq3adu5lrasgvgy7ecd78erz7jndye92jv,,,,,,,,,,,,
gonka19kue8dlczfr0vl94tta3l9k5s08hwuu0zd5ewv,,,,,,,,,,,,
gonka19ghzvgfr065s3fr5awuvs3nhy9fq4n7wrr9kel,,,,,,,,,,,,
gonka19f9hkpmjaldncsfly4j63sy932y8hughn4l3d8,,,,,,,,,,,,
gonka19dh0tamdjnhtccfdpmsnty3gxfpp0wkdusl0xr,,,,,,,,,,,,
gonka19cjm4c5mt3j3qdr8vhytmm4hef3pnkvkm0x7m2,,,,,,,,,,,,
gonka1975m3w08ywrc89aqcr9m8z6z70a38jf64vwte8,,,,,,,,,,,,
gonka18xeqnspxpg2vncufnjne485rkaagwvz7whyn0d,,,,,,,,,,,,
gonka18tm9tu9rak460pjdpj6xvfeffk474h6xhgme3c,,,,,,,,,,,,
gonka188qynuf5zs5966vzlrf2q2tj7h7laa995vrxr3,,,,,,,,,,,,
gonka188c86f9mrlt4nlcg89f82nnfm9jzq9gtjafj50,,,,,,,,,,,,
gonka187tn9y92ur6tu0zf69u94hwl0q77m47y0k36hv,,,,,,,,,,,,
gonka1830lqug50lse998x2lakk4pj5ypfumz5pasz0y,,,,,,,,,,,,
gonka17tlh09e32xpv2uj433ytjnwwd8fh24jclpzm5s,,,,,,,,,,,,
gonka17pw6099q758qwzewtrqmqpf5c2lrhr97fwqexu,,,,,,,,,,,,
gonka17gpuntq09zsaqtmpe544gc32tk4424dwv5t34f,,,,,,,,,,,,
gonka17fcahf38xh8ghzyyrc55tarz9nd0vw6xd29nsk,,,,,,,,,,,,
gonka17ef5hl0588tmjm9ypw7t2kge78wrkcpvyspc0p,,,,,,,,,,,,
gonka17akw9frq5grupdh9fwtc4mym3fgcujf9esdmta,,,,,,,,,,,,
gonka175dvjafzhfxwgvrj83cm9ekmgh2a4u7nqv4azu,,,,,,,,,,,,
gonka16q0zaetd6hq6d8zj48ur0v967xrrwh566kcazc,,,,,,,,,,,,
gonka16k03ze5ynkprsd4n6e5uzhthvu9jjk553rauqy,,,,,,,,,,,,
gonka168yvlgt9jg86frg2z90cc8w4pz9hnd7f8lshux,,,,,,,,,,,,
gonka168rtjfkszuhcggg4dfyse4yh7xn9zwfglnkns2,,,,,,,,,,,,
gonka163ug8zucqeag9v5ey4au34jqt7vejkmxsg74eu,,,,,,,,,,,,
gonka15sptlamre9vq4m5t7pa7je5r2pc34kmlwvj0jz,,,,,,,,,,,,
gonka15rvksn9gxgpszyr8270cd4wj2x3d460r394uv4,,,,,,,,,,,,
gonka15pgw0fe32rv78hdj2clch9acy0mv08j7xkrmxz,,,,,,,,,,,,
gonka15munkmx6x7k6rqqeexjet4556p7at39ks9qgr5,,,,,,,,,,,,
gonka14zg378dzun4p2zhyuaq59y2q0e340wzahgz97q,,,,,,,,,,,,
gonka14wp5g2auyarncnwk6ufl8stmyrlgzx0l0d3f80,,,,,,,,,,,,
gonka14tqh62mangwzrma2lgg2dm375rcjzn2ydy8ttm,,,,,,,,,,,,
gonka14ljarev2nlzu4ej50vx7ylj2rvg4n20fnq2ysc,,,,,,,,,,,,
gonka14g78ez2zy08k8sssue483zmfpgd4qut8zcwlqc,,,,,,,,,,,,
gonka145666cll76ptcyy9ceymtalr8gnvv73ne99p32,,,,,,,,,,,,
gonka13kd0e5393704ummmwf7pqvphlm5qsqdpe3kal2,,,,,,,,,,,,
gonka13jelpte0qx5f0up3pzmmgnnqj5877rwfs08n7q,,,,,,,,,,,,
gonka1369ax8kr4ma8zu708jr3x2r902lfs8tcguyxl8,,,,,,,,,,,,
gonka12vq65qqgep5x2zvjxqzqtnsw2hpyz92czen8z5,,,,,,,,,,,,
gonka12tfc6ccmadjqv6yaa3axxsuhy6zv6tupu78p8u,,,,,,,,,,,,
gonka12pcu9mcrpa4w4sjd9y3dsksnvu495ss6f9r4ra,,,,,,,,,,,,
gonka12kqft8tme0z5zm6skx8zwja7aq8knqc0udfcwp,,,,,,,,,,,,
gonka12gc47yq8m7rnsa3aucq8mlzm7men8jaac7qkkz,,,,,,,,,,,,
gonka12fdlw5g8wex6v74nd42vfhnympsz5kn8p3adh5,,,,,,,,,,,,
gonka12fazh3etpdx947ldwen4wudnds7wu4kjp5vd76,,,,,,,,,,,,
gonka12av9up884t9lcsf70rs0l7jfmkmc8k9sxfuknt,,,,,,,,,,,,
gonka129ks6ra4ddy8ppsfk0gr8yu24sqk3nanmm34cs,,,,,,,,,,,,
gonka125xgn4z89quhrjhv6qfgn83wqwlaykxs8upjrt,,,,,,,,,,,,
gonka125n6kr5gvdup0lndfkps7t6rd6592panhrg3np,,,,,,,,,,,,
gonka123vh2t9er866647lsn6kclt8lfq2l9kwy4le76,,,,,,,,,,,,
gonka123fment8nj6mrekwv9rh5zmevxjd7t05c8azrd,,,,,,,,,,,,
gonka10ux22dq9a5dn5t4v370vzkww874yc6pmudxjen,,,,,,,,,,,,
gonka10t67f5zxh7canhuznxg7cperec6286jjqh5pey,,,,,,,,,,,,
gonka10snluhflqhmwl5xrpuy9ugevypxdjjsft370fq,,,,,,,,,,,,
gonka10mmdjau4dnj8krs7sh7t7635ttnmq9u3vqgz09,,,,,,,,,,,,
gonka10kjjhgzngn2yj9fgrcfu4wf5lj6xv05u7xhz53,,,,,,,,,,,,
gonka10jjrlvkfkqupgudz0l603sq99y3wkt3urwjm0x,,,,,,,,,,,,
gonka10g4ak0ku3lezt0q3kk346updcyyz83369pqtgx,,,,,,,,,,,,
gonka10cyq8zuplcwr5ntesxn52wp5ky3a7c3nrqdce8,,,,,,,,,,,,
gonka107et3r7gxsrkce7wq42jjf5k98r5xvsfy6xsn5,,,,,,,,,,,,
gonka105qfr38n0rz0d2r8hererw9ws5qx7njcujezvu,,,,,,,,,,,,
gonka1043d00lu0v3fz53cut34twtcanalqg9u8vehp2,,,,,,,,,,,,
gonka100xav7dpl82gxrtg72yjhpz2zn6f24gv035ted,,,,,,,,,,,,
