address,epoch_245_confirmation_minus_effective_reward_gnk,epoch_246_confirmation_minus_effective_reward_gnk,epoch_247_confirmation_minus_effective_reward_gnk,epoch_248_confirmation_minus_effective_reward_gnk,epoch_249_confirmation_minus_effective_reward_gnk,epoch_250_confirmation_minus_effective_reward_gnk,epoch_251_confirmation_minus_effective_reward_gnk,epoch_252_confirmation_minus_effective_reward_gnk,epoch_253_confirmation_minus_effective_reward_gnk,epoch_254_confirmation_minus_effective_reward_gnk,epoch_255_confirmation_minus_effective_reward_gnk,total_confirmation_minus_effective_reward_gnk
gonka12av9up884t9lcsf70rs0l7jfmkmc8k9sxfuknt,-259.715818240,-263.302279741,0E-9,39123.343155201,48065.566550384,326.796706204,,,,,,86992.688313808
gonka1famtxh54kad6ylwtm60j6d7h6unpc08d4vdqnk,-937.221788273,-950.164049102,-979.874907336,30168.481796743,0E-9,0E-9,0E-9,0E-9,0E-9,0E-9,0E-9,27301.221052032
gonka188c86f9mrlt4nlcg89f82nnfm9jzq9gtjafj50,0E-9,-1228.638609068,-1267.057140657,0,9418.21620886,13021.145921271,,,,,,19943.666380406
gonka1dzdmx5ljrwkelrmgd7suv2q43epn293qacpgqn,,0E-9,0E-9,0,5907.818380621,5720.029265582,,,,,,11627.847646203
gonka1kx9mca3xm8u8ypzfuhmxey66u0ufxhs7nm6wc5,646.639384191,645.454087912,641.514909393,683.068805643,817.760926282,763.73332226,831.999419426,0E-9,0E-9,0E-9,0E-9,5030.170855107
gonka1wkgawwdzj623ss8eywayzdj6qcgr2llygactje,,,,0,3035.5689033,0,,94.299973353,,0,,3129.868876653
gonka1wthc28t25pg63hzvl07rl8e8r6km6hesl6jhsz,0E-9,0E-9,0E-9,1135.882178517,0E-8,0E-9,813.807012297,109.167086269,176.425691642,413.952684477,34.770788753,2684.005441955
gonka1vcvn2p5gczr5pynqq0ca0933tdrf5w64sjgtdg,0,,0E-9,2481.939374157,0E-9,0E-9,,,,,,2481.939374157
gonka1y2a9p56kv044327uycmqdexl7zs82fs5ryv5le,0E-9,315.773082186,0E-9,0,0E-9,0E-9,724.462079501,758.647533371,0E-9,0E-9,0E-9,1798.882695058
gonka17pw6099q758qwzewtrqmqpf5c2lrhr97fwqexu,0E-9,-146.033197167,-146.361887356,0,0E-9,0E-9,0E-9,980.379903147,280.123632686,32.313937685,520.354512241,1520.776901236
gonka1tlvg4kjx7ljd5thgd5fkgh39q6lu8cmxupktgg,0E-9,0E-9,0E-9,0,775.864256434,380.41745179,14.553925704,0E-9,67.160075911,59.335075231,0E-9,1297.330785070
gonka1umvyh0rz5fdmk9qhxurshhchennajced6f4s89,0E-9,0E-9,0E-9,0E-9,1242.934538808,,,,,,,1242.934538808
gonka15munkmx6x7k6rqqeexjet4556p7at39ks9qgr5,-937.533571968,0E-9,0E-9,0E-9,0E-9,0E-9,0E-8,2091.590399955,0E-9,0E-9,0E-9,1154.056827987
gonka1d694r00czmq75txghwjcuk07lxvc8d4ekgsha0,-141.238014001,0E-9,-148.317725495,0E-9,0E-8,0E-9,1443.264299005,0E-9,0E-9,0E-9,0E-9,1153.708559509
gonka1duuaqdx06sx8v2dzggltwwmqyuw8lvjkjq7xll,,,,,,0E-9,0E-9,0E-9,0E-9,807.012736832,313.661490209,1120.674227041
gonka1qa90tgczc0k5dvk4l5nvlf5y6phgm6mg22sfjv,,,,,,,,193.697242563,402.264496130,215.333395089,293.619993914,1104.915127696
gonka1jltjehxsnum94nt8c00ts7khmpy4lafv6gryzk,-564.952056005,1629.755767521,0E-9,0E-9,0E-9,0E-9,0E-9,0E-9,0,,,1064.803711516
gonka1myu058axjs62mc3e7na9krwvqpfl9z3gtcw9es,0E-9,0E-9,0E-8,0E-9,0E-9,0E-9,136.645191334,166.086890005,106.481778388,213.940552947,370.888413366,994.042826040
gonka1vjz8csqsr0ph0lv0yylc4auypnzrld7y6l2feu,,,,,0E-9,0E-9,358.18828261,372.952146864,0E-8,93.041855057,0E-9,824.182284531
gonka1uhqpup9fev3zahlx6n326lp0krznc6usjtx6lu,,,,,,,,123.609424530,126.316619459,67.692128081,181.822249521,499.440421591
gonka1zsvl7ujlc8z3a35v2q6e3nml7ftyk23v76jqgl,0E-9,0,0E-9,0E-9,0E-9,0E-9,0E-9,135.078340209,89.778754326,27.856842832,48.051298346,300.765235713
gonka1nvvrc06zpk7cwmrekehlr8yqw4mgdfq94dc4ay,,205.774050553,,,,,,,,,,205.774050553
gonka1830lqug50lse998x2lakk4pj5ypfumz5pasz0y,,,,0,0E-8,0E-9,12.12827142,0E-9,2.783837343,163.241098993,0,178.153207756
gonka1tja3g2da45efhe2p83gk3whtussmgmtsdlgprt,0E-9,0E-9,0E-9,0E-9,0E-9,0E-9,0E-9,0E-8,140.235806177,0E-9,36.461035428,176.696841605
gonka1uf5cg7ef0ns6877nl27y0s6rt06cdmn40k5a88,,0E-9,0E-9,0,25.991452590,0E-9,37.597641403,39.928817546,0E-9,25.349726977,0E-9,128.867638516
gonka1m27e6qup7q8jmvnrn29kahd7vlx6r4l84z4thz,115.671750981,0E-9,0E-9,0,0,0,,,,,,115.671750981
gonka1xwkesaxvdadh9wt9yyladu0r260s7whklcktds,,0,0,0,0E-9,,0,107.467987650,,0,,107.467987650
gonka12pcu9mcrpa4w4sjd9y3dsksnvu495ss6f9r4ra,0E-9,0E-9,0E-9,0E-9,0E-9,0E-9,0E-9,0E-9,4.175756015,96.106107769,0E-9,100.281863784
gonka1wvv656pt2d8x2khcvytqeessck5uzjnxzsa8f6,0E-8,0E-9,0E-9,0E-9,0E-9,0E-8,0E-9,0E-9,0E-9,51.813727667,42.256166887,94.069894554
gonka1zpw8tml8xl4fm6zm8zpf2u4pq4tehmd9e2vgq7,0E-9,0E-9,0E-9,0E-9,0E-9,0E-8,0,25.061704629,0E-9,18.106947840,31.390295402,74.558947871
gonka18xeqnspxpg2vncufnjne485rkaagwvz7whyn0d,,,,0,0E-9,63.765210966,0,0E-9,,0,0E-9,63.765210966
gonka1jrgm47v5eg876udmzg6j6glqcsd5x0vk6crpax,,,,,,,,63.716198212,0E-9,,,63.716198212
gonka1f0u3y2wneer8zhz3ypw4x54h38cpa0qsy8ts3e,57.679983642,,,0,,0,,0E-9,,0,0E-9,57.679983642
gonka19cjm4c5mt3j3qdr8vhytmm4hef3pnkvkm0x7m2,44.585068437,,,0,,0,,2.548647928,,0,,47.133716365
gonka175dvjafzhfxwgvrj83cm9ekmgh2a4u7nqv4azu,,,,,,,46.895982824,,,,,46.895982824
gonka1rcpc45n6zch9qlkn4m3cwngekad89xu8mcr09v,0E-9,0,0E-9,0E-9,0E-9,0E-9,3.638481426,10.194591714,0E-9,17.549810984,8.692697188,40.075581312
gonka1zktn8j65wlys8a8e38hqhf4y3x6m4x04zskkrx,0E-9,0E-9,0E-9,0E-9,0E-9,0E-9,0E-9,0E-8,38.625743140,0E-9,0E-9,38.625743140
gonka1tmk2tzdneht6smu34pkmqdvu7p34qavvmwtwq2,,,0E-9,0,0E-9,0E-9,0E-8,0E-9,15.659085057,12.814147702,8.451233378,36.924466137
gonka1ym3np7guxart483yfdxnlztuazx22cjt0e4a2p,0E-8,0E-9,0E-9,0E-9,0E-9,0E-9,0E-9,0E-9,1.391918671,30.921095543,0E-9,32.313014214
gonka1yal0ysgzc860zt3y8cds8656tnueusgymftvkw,,,,,,0,,23.362606011,,,,23.362606011
gonka1tl5m3vuqsx333v7095ymwjdc4vdk2wd9r5hqws,,,,,,0,,22.513056701,,0,,22.513056701
gonka1y4kyhqy022gt4kklxxflgqkutnx96ssww66zg6,,,,,,0,,19.964408773,,0,,19.964408773
gonka1u4zxypjgcr8khlzefwjr0vwdaj2uzruw2cehj3,0E-8,0E-9,0E-9,0E-9,0E-9,0E-9,0E-9,0E-9,0E-9,19.499789983,0E-9,19.499789983
gonka14tqh62mangwzrma2lgg2dm375rcjzn2ydy8ttm,-628.244146164,0,0E-9,0E-9,0E-9,0E-9,0E-9,274.829201619,228.274662164,143.741309011,0,18.601026630
gonka1h2m79scgaq6ultrwge03wjk0ys4whgcejphmql,,,,,,,4.042757140,0E-9,13.223227381,0,,17.265984521
gonka12tfc6ccmadjqv6yaa3axxsuhy6zv6tupu78p8u,0,,,,,0,,16.566211535,,0,0E-9,16.566211535
gonka1pvkv59e72vju2h7s9j3ex62c5xneqey350vpwn,0E-9,0,0,,,,,,,0,14.004901025,14.004901025
gonka1ujnc662v6g69jm6fgxnr79a2m7ehzeut059239,0E-9,0E-8,0E-9,0E-9,0E-9,0E-9,0E-9,0E-9,10.091410370,0E-9,0,10.091410370
gonka168rtjfkszuhcggg4dfyse4yh7xn9zwfglnkns2,-140.302662915,-142.240127111,-146.035914333,0E-9,0E-9,0E-9,432.170738273,0E-9,0E-9,0E-9,0E-9,3.592033914
gonka1w29nvdy6caqtrw30whz9h6ghl0xszwh3egndah,0E-9,0E-9,0,,0E-9,0E-9,0E-9,0E-9,2.435857676,1.114273713,0E-9,3.550131389
gonka1x7zh2277spp7jfqjhv0g5mnezg290xdr4kpfnk,0E-9,0E-9,0E-9,0,0E-9,0E-9,0E-9,0E-9,0E-9,2.785684283,0E-9,2.785684283
gonka1qnj39ysxpzknvrr5dw9rdl7cx5q7dpkwerryrs,,,,,,,,,,0.835705285,0.241463811,1.077169096
gonka1yukev873tps58s6rlkh6czs5rrqp2sdqw7pm58,0E-9,0,,,,,,,,,,0E-9
gonka1yt2s5u5k06rm2au8dsqm4kzwmw7klqsrd6xd95,0,0E-9,0,,,,,,,,,0E-9
gonka1yrfq267gf5jz76m3j5sln7f5h00t9g6fmat4gp,0E-9,0,,,,,,,,,,0E-9
gonka1ym8g5f34h5zu4p4d4ldjnycfkty9qxpmyx5a3m,0E-9,0E-9,0,,,,,,,,,0E-9
gonka1yewc6rmr5zhcpy6dnpt4wup990j299qt03x40s,0E-9,0E-9,,,,,,,,,,0E-9
gonka1xmgcpaw6n57ewn6s2fhggxaakemaaxuv4pdpmq,0,,,,,,,,,,,0
gonka1xfg6ed596n8ka7tjp7j604prf5n4mgv3h9d02t,0E-9,,,,,,,,,,,0E-9
gonka1x20c5d9wzatlr0t69xjm05x9uemq9mnk00udfa,0E-9,0,,,,,,,,,,0E-9
gonka1wzujgkw64xvz3vqttg7ktl5tlsdga7l53g6d55,,0E-9,,,,,,,,,,0E-9
gonka1wfn87ruutktth7l8ne3rvhmlsscqxah09kua02,,0E-9,0,,,,,,,,,0E-9
gonka1vz2jg42w39l63dmvmjqdsnxx0ywnzt9nzypdy7,0,0E-9,0,,,,,,,,,0E-9
gonka1vcawx5jc2hahydd9sqw30hlxyd9ppupm9ez0yz,,,0E-9,0,,,,,,,,0E-9
gonka1uzk2scggfzghr9a5j92l00gzw4jx4adc66977y,0E-9,0E-9,0E-9,0E-8,0,,,,,,,0E-9
gonka1usmu5mfu8vsafvsrsvdutl50vy8kumdhv0j2x9,,,0E-9,0,,,,,,,,0E-9
gonka1upq4e3ahzea8mu5mhrdptff94xru98lx47h43z,0E-9,0,,,,,,,,,,0E-9
gonka1uawu7tlxcuss8xk9m63fpjm86y58chsg5xwsjt,0E-8,0E-9,0E-9,,,,,,,,,0E-9
gonka1u9a7r4w76gult5n9ysadnual9fghkc6yda60wj,,,0E-9,0E-9,0E-9,0E-8,0,0,,,,0E-9
gonka1t8p0tjqls358gmzvd3rnnjulraq2k3m772vnt8,,,,0,,,,,,,,0
gonka1sq6myvv8r263v4ll5l3ny790nsg5s4507crtqr,0,,,,,,,,,,,0
gonka1sa32xmpxvv7nepfc22004rgdl4ddjvne42guce,0E-9,0E-9,0,,,,,,,,,0E-9
gonka1s43peau7vafujfxyape603yklhdzjh2stq702z,0,,,,,,,,,,,0
gonka1qv2dwvqxt542k5ewhggm2wtcpadvzg6mzupzg8,0E-9,,,,,,,,,,,0E-9
gonka1qsuduuah26qpym3te4tr6u8lh3hmecaxn9j7te,0,,,,,,,,,,,0
gonka1pcu4wfdv2jtpfsnhgjk4zp7d46z47928xj73st,0E-9,,,,,,,,,,,0E-9
gonka1p3hklp6flhdffdkwr70azcsum77fha3ecqwgg0,0,,,,,,,,,,,0
gonka1nkzdygk3g2p2usnueuqxyep3462350hgzxs86s,,,0E-9,0,,,,,,,,0E-9
gonka1mmlyd5xxu5l68yx8wzclrkxkxvm88mhq5tp5s0,,,,,,,,0E-9,,,,0E-9
gonka1mdy7nlecw4xaqdxmeh3qlqzakg9ftge9szfqgg,,,,,,0,,0E-9,,0,,0E-9
gonka1lyc347ysjruw7hvvejekqwu0y62cq0898dzarl,0E-9,,,,,,,,,,,0E-9
gonka1lwl6qhrdqw43sqc2y4eclfrngf799rnm7mmx87,,0E-9,,,,,,,,,,0E-9
gonka1l7p83akwkcxtksnwve23x5wp47zammznm4qus8,,0E-9,0,,,,,,,,,0E-9
gonka1l6pp6p5hgaa69rj0eazn73f7gkawue94fq5v9g,,,0E-9,,,,,,,,,0E-9
gonka1l0qv64xdu3dk2zzm5vk97j0drcmkus95u50gqk,,,0E-9,0,,,,,,,,0E-9
gonka1l0enytn32rklk95dxrdt3v39hktxdw79trvgj5,,,0E-9,,,,,,,,,0E-9
gonka1kdmstpljv33v8lz457lmj8f9g995l7ygwm460s,,,0E-9,,,,,,,,,0E-9
gonka1jcelp2ad2x0jf2vnyhkhd6wquug0zpd09sxxw4,,,0E-9,,,,,,,,,0E-9
gonka1fwjwxw6cvspwautdrhr2jf4mfayy074t5npwnx,0,,,,,,,,,,,0
gonka1fvly5jrewyjmjfgwah3khy9rttq4cqajcesv9p,,,,,,,0,0,0,0,0,0
gonka1edyd5lny4esrc35f6egjukmnfseyyyj4vn54mc,0,,,,,,,,,,,0
gonka1ecercvenlsnghx4yakvdpdq2mantyh5ythhn29,,0E-9,,,,,,,,,,0E-9
gonka1e94a7r2tn3n8ewa3mha3vjnq2dkvgt5stfqgqg,,0E-9,,,,,,,,,,0E-9
gonka1e38cgywjkf4hejnf9utmpguq3qug0s5rd45kqm,,,0E-9,,,,,,,,,0E-9
gonka1dhn7hjn6udpyv6gkhfulnalufv4947a4e9kyne,0,,,,,,,,,,,0
gonka1d7ghexkrnm00fh695zcd00xgfgwxe2vvamcsdt,,,,,,,0,0,0,0,0,0
gonka19kue8dlczfr0vl94tta3l9k5s08hwuu0zd5ewv,0,,,,,,,,,,,0
gonka1975m3w08ywrc89aqcr9m8z6z70a38jf64vwte8,,0E-9,,,,,,,,,,0E-9
gonka18tm9tu9rak460pjdpj6xvfeffk474h6xhgme3c,0E-9,,,,,,,,,,,0E-9
gonka17akw9frq5grupdh9fwtc4mym3fgcujf9esdmta,0,,,,,,,,,,,0
gonka163ug8zucqeag9v5ey4au34jqt7vejkmxsg74eu,,,,0,0E-9,0,0,0E-9,,0,,0E-9
gonka14wp5g2auyarncnwk6ufl8stmyrlgzx0l0d3f80,0,,,,,,,,,,,0
gonka14g78ez2zy08k8sssue483zmfpgd4qut8zcwlqc,,,,,,0,,0E-9,,,,0E-9
gonka13jelpte0qx5f0up3pzmmgnnqj5877rwfs08n7q,0,0E-9,0,,,,,,,,,0E-9
gonka12vq65qqgep5x2zvjxqzqtnsw2hpyz92czen8z5,,0E-9,,,,,,,,,,0E-9
gonka12fdlw5g8wex6v74nd42vfhnympsz5kn8p3adh5,0,,,,,,,,,,,0
gonka123vh2t9er866647lsn6kclt8lfq2l9kwy4le76,,0E-9,,,,,,,,,,0E-9
gonka123fment8nj6mrekwv9rh5zmevxjd7t05c8azrd,,0E-8,0,,,,,,,,,0E-8
gonka10ux22dq9a5dn5t4v370vzkww874yc6pmudxjen,0,0E-9,0,,,,,,,,,0E-9
gonka10jjrlvkfkqupgudz0l603sq99y3wkt3urwjm0x,,,0E-9,0,,,,,,,,0E-9
gonka10cyq8zuplcwr5ntesxn52wp5ky3a7c3nrqdce8,0E-9,0,,,,,,,,,,0E-9
gonka107et3r7gxsrkce7wq42jjf5k98r5xvsfy6xsn5,,0,,,,,,,,,,0
gonka100xav7dpl82gxrtg72yjhpz2zn6f24gv035ted,0,0E-9,0,,,,,,,,,0E-9
gonka1qu9mna5xlvlnw9455ygtjq92wuzkzm237w8l08,0E-9,0E-7,-133.97491248,0E-9,0E-9,0E-8,0.808551428,0E-9,0E-9,4.735663281,0E-9,-128.430697771
gonka1fc9tzt83dgrqswlgay4668cuqjrk7zsqks2vm2,0E-9,-84.711897924,-87.360770182,32.128665037,0E-9,0E-8,0E-9,0E-9,0E-9,0E-9,1.448782864,-138.495220205
gonka1qwfrtz9c7kcrfkrrlne2pkcye74mj6ce33xdkl,0E-9,0E-9,-214.490249177,0,0E-9,0E-9,0E-9,0E-9,0E-8,8.078484422,1.931710486,-204.480054269
gonka1p60lruhxmwcsa9taa28cp4k4f6kv2kvyu5h5ep,0E-9,0E-9,-343.249593288,126.506618585,0,,,,,,,-216.742974703
gonka19ghzvgfr065s3fr5awuvs3nhy9fq4n7wrr9kel,-410.619126798,0E-9,162.334565486,0,0E-9,0E-9,0E-9,0E-9,0E-9,0E-9,0E-8,-248.284561312
gonka1gyk0aahvr3qeju4zx0nplfreej6cy4jjk8svc5,0E-9,-134.337897827,-138.538534803,0,,0E-9,0E-7,0.424774655,0E-9,0E-9,3.139029540,-269.312628435
gonka17gpuntq09zsaqtmpe544gc32tk4424dwv5t34f,-278.734623658,0E-9,0E-9,0E-9,0E-9,0E-9,0E-9,0E-9,0E-9,0E-9,0E-9,-278.734623658
gonka1k6p754pyhxud2399knyccgjpjvdafj2u9xlgyf,0E-9,-336.002789153,0E-9,0,,,,,,,,-336.002789153
gonka1p2lhgng7tcqju7emk989s5fpdr7k2c3ek6h26m,0E-9,-198.187910441,-204.385085462,0,0E-9,0E-9,0E-9,0E-9,0.695959336,3.899957997,2.656101919,-395.320976651
gonka1d7p03cu2y2yt3vytq9wlfm6tlz0lfhlgv9h82p,0E-9,-198.187910441,-204.385085462,0,0E-9,0E-9,0E-9,0E-9,0.695959336,6.407073851,0E-9,-395.469962716
gonka10t67f5zxh7canhuznxg7cperec6286jjqh5pey,-131.260935749,-133.073541141,-137.23464271,0,0,,,,,,,-401.569119600
gonka10snluhflqhmwl5xrpuy9ugevypxdjjsft370fq,-213.571831326,-216.52108238,0E-7,0,,,,,,,,-430.092913706
gonka12kqft8tme0z5zm6skx8zwja7aq8knqc0udfcwp,-467.987326745,0,,,,,,,,,,-467.987326745
gonka1qx4f2vzhccv0ndhssfgafvf55xf4smuzjmkvky,0E-9,-492.783018146,0,,,,,,,,,-492.783018146
gonka15pgw0fe32rv78hdj2clch9acy0mv08j7xkrmxz,-505.089586494,0,,,,,,,,,,-505.089586494
gonka13kd0e5393704ummmwf7pqvphlm5qsqdpe3kal2,-510.389909315,0,,,,,,,,,,-510.389909315
gonka1ql9asemklpkpr2d4mh33xw5gj0g5tm0v98c5q3,,0E-9,-534.595757828,0,,,,,,,,-534.595757828
gonka1psgzz288a434dv6863ldd73xma70zw7387muj2,,0E-9,-534.595757828,0,,,,,,,,-534.595757828
gonka1pllyukkeymx3hfd9mts3pryr9y6efs9eshty87,0E-9,-671.689489136,-692.692674015,0E-9,0E-9,0E-9,0E-9,410.757091137,0E-9,260.182912047,158.400259875,-535.041900092
gonka15rvksn9gxgpszyr8270cd4wj2x3d460r394uv4,,0E-9,-537.855488058,0,,,,,,,,-537.855488058
gonka19qkysq3adu5lrasgvgy7ecd78erz7jndye92jv,-542.191846243,0,,,,,,,,,,-542.191846243
gonka1gyydhl9lp0udz3409ps0c0lk0y4ft8qcyv8tfq,,0E-9,-547.63467875,0,,,,,,,,-547.634678750
gonka1jcxsgcnctv69xd9v35qy45m45pg3wwhn0f8pl2,-551.857140799,0,,,,,,,,,,-551.857140799
gonka1gt0406jz45mjt0jujqtfd3m9lcyah93t0wj084,-552.48070819,,,,,,,,,,,-552.48070819
gonka1amlmhjym02shahjv8ldmupg4cx0qc66q6f85rj,-284.034946479,-287.957235107,0E-8,0E-9,0E-9,0E-9,0E-9,0E-9,0E-9,7.799915992,3.13902954,-561.053236054
gonka19f9hkpmjaldncsfly4j63sy932y8hughn4l3d8,0E-9,-287.957235107,-296.961424013,0E-9,0E-9,0E-9,0E-9,2.548647928,1.043939004,6.964210708,6.519522891,-567.842338589
gonka10kjjhgzngn2yj9fgrcfu4wf5lj6xv05u7xhz53,-643.833330932,0,,,,,,,,,,-643.833330932
gonka1q5xt54wncgzk7dxv9x64uln68455g83wu9tugg,0E-9,-934.359590534,-936.194522246,0E-8,0E-8,0E-9,0E-9,408.633217863,0E-9,807.569873688,0E-9,-654.351021229
gonka1slndy4rsmld579628302rj5gz8z9qf4v6ppmc4,0E-9,0E-9,-706.05756796,0E-9,0E-9,0E-9,0E-9,19.964408772,0E-9,0E-9,0E-9,-686.093159188
gonka1hytku6t3cfd7wppyrjvu357jjqpsgsw6wcprcy,-719.284985211,0E-9,0,,,,,,,,,-719.284985211
gonka1dkl4mah5erqggvhqkpc8j3qs5tyuetgdy552cp,0E-9,-374.249578887,-385.95205931,0,,,,0,1.043939004,10.585600276,0E-9,-748.572098917
gonka1elw9xd79mpsrt7jqwkweg6yv02nvda49xhcej2,-750.775138443,0E-9,0,,,,,,,,,-750.775138443
gonka1lr9mj6dgkv0h76c8y8w0l3esztyg9v2q8d6d8d,0E-9,0E-9,-785.269012566,0,0E-9,0E-9,17.383855703,0E-9,0E-8,0E-9,0E-9,-767.885156863
gonka188qynuf5zs5966vzlrf2q2tj7h7laa995vrxr3,0E-9,-775.050648169,0,,,,,,,,,-775.050648169
gonka16q0zaetd6hq6d8zj48ur0v967xrrwh566kcazc,0E-9,-779.791985739,0E-9,0,0,,,,,,,-779.791985739
gonka10g4ak0ku3lezt0q3kk346updcyyz83369pqtgx,0E-9,-782.32069911,0,,,,,,,,,-782.320699110
gonka19dh0tamdjnhtccfdpmsnty3gxfpp0wkdusl0xr,-801.595880788,0E-9,0E-9,,,,,,,,,-801.595880788
gonka1lswsj2x7u4606wqpunmm07skgf76r3dyz4v0d8,0E-8,0E-9,-824.385775333,0,0,,,,,,,-824.385775333
gonka15sptlamre9vq4m5t7pa7je5r2pc34kmlwvj0jz,-855.222676391,0,0,,,0,,,,,,-855.222676391
gonka105qfr38n0rz0d2r8hererw9ws5qx7njcujezvu,-862.70548508,0,,,,,,,,,,-862.70548508
gonka1eazh84v0e60s9m7exxp3nsadcfgvnsthgypjvl,-290.270620386,-294.279018534,-303.480884474,0,,,,,,,,-888.030523394
gonka125xgn4z89quhrjhv6qfgn83wqwlaykxs8upjrt,-462.687003924,-469.076330295,0,,,,,,,,,-931.763334219
gonka168yvlgt9jg86frg2z90cc8w4pz9hnd7f8lshux,-464.869489792,-471.288954494,0,0,,,,,,,,-936.158444286
gonka1369ax8kr4ma8zu708jr3x2r902lfs8tcguyxl8,-530.344065819,-537.667680479,0,,,,,,,,,-1068.011746298
gonka1cckj93kp9kegry64scpn4ew9965g3qrswyshl9,0E-9,-566.431795073,-584.143657334,0,,,,,,,,-1150.575452407
gonka187tn9y92ur6tu0zf69u94hwl0q77m47y0k36hv,0E-8,-682.436520962,-703.775756800,0E-9,0E-9,0E-9,0E-9,83.680606985,78.295425285,5.014231709,66.161084155,-1153.060929628
gonka1c6y9p4w87equy52va4us3qzycz9w28ua9693gl,-643.833330932,-652.724138854,,,,,,,,,,-1296.557469786
gonka1ccdm8j6sjyhq4qask049dwgaczs7f3pxte6zmp,-660.046083091,0E-8,-693.018647038,0,0E-9,0E-8,0E-9,0E-8,0.347979668,16.714105699,4.829276216,-1331.173368546
gonka14zg378dzun4p2zhyuaq59y2q0e340wzahgz97q,-681.870941767,-691.287017759,0,,,,,,,,,-1373.157959526
gonka129ks6ra4ddy8ppsfk0gr8yu24sqk3nanmm34cs,-700.577963489,-710.252368041,0,,,,,,,,,-1410.830331530
gonka1fp8zl07qccdzuekns2q55jgmcag40kjrm8z0z9,-721.467471079,0E-9,-722.030246091,0,,,,,,,,-1443.497717170
gonka1hwvel7n3zuk6wruefuzc356l9myske9stckwnz,-856.158027478,-861.342991951,0E-9,0E-9,0E-9,0E-9,0E-8,0.000000,27.490393766,111.984508183,102.622119584,-1475.403997896
gonka14ljarev2nlzu4ej50vx7ylj2rvg4n20fnq2ysc,-824.356090550,-835.739769070,0E-9,0E-9,0E-7,0E-9,71.152525665,0E-9,27.838373435,76.884886215,0E-9,-1484.220074305
gonka1ge9amk4ymld27d35akj3ky9uph4gyz6rdpepjj,-726.144226509,0E-9,-799.285852557,0,0,,,,,,,-1525.430079066
gonka1llgg3kvg9sc6xz09jtkcrucrppxgn78xe4xlv0,-789.124532973,0E-9,-779.40149815,0,0,,,,,,,-1568.526031123
gonka17fcahf38xh8ghzyyrc55tarz9nd0vw6xd29nsk,-529.720498428,-537.035502137,-553.828166189,0,,,,,,,,-1620.584166754
gonka1dpt9zx2dqcky6yjjwrd8xz2w7lq6vffy9mhvgs,0E-9,-805.711297791,-830.905235795,0,0,,,,,,,-1636.616533586
gonka1h3s37p0l23mg6ak9h9nmayh6r9f2vm6umj3qet,0E-9,-883.153144773,-910.768626446,0E-9,0E-9,0E-9,0,,,,,-1793.921771219
gonka17tlh09e32xpv2uj433ytjnwwd8fh24jclpzm5s,-599.56004619,-607.839476521,-626.846123355,0,,,,,,,,-1834.245646066
gonka1fkrsesmn2hdj30fhwyam6h4f2e77un36xalhvl,-642.586196152,-651.459782168,-671.830400539,0E-8,0E-9,0E-9,29.916402837,24.21215532,21.574739412,11.699873989,0E-9,-1878.473207301
gonka1043d00lu0v3fz53cut34twtcanalqg9u8vehp2,-637.90944072,-646.718444598,-666.940805193,0,0,,,,,,,-1951.568690511
gonka12gc47yq8m7rnsa3aucq8mlzm7men8jaac7qkkz,-976.818317584,-990.307373864,0,0,,,,,,,,-1967.125691448
gonka10mmdjau4dnj8krs7sh7t7635ttnmq9u3vqgz09,0E-9,-982.40514458,-1013.124155689,0,0E-9,0E-8,0E-9,0E-9,0E-9,,0E-9,-1995.529300269
gonka17ef5hl0588tmjm9ypw7t2kge78wrkcpvyspc0p,-718.349634125,-728.269450808,-751.041845144,0,,,,,,,,-2197.660930077
gonka145666cll76ptcyy9ceymtalr8gnvv73ne99p32,-728.638496072,-738.700393463,-761.798954905,0,0,,,,,,,-2229.137844440
gonka12fazh3etpdx947ldwen4wudnds7wu4kjp5vd76,-756.38724496,-766.832329714,-790.810553958,0,,,,,,,,-2314.030128632
gonka16k03ze5ynkprsd4n6e5uzhthvu9jjk553rauqy,-837.13922206,-848.699425095,-875.237566932,0E-9,0E-9,0E-9,0E-9,0E-9,0E-9,0E-9,0E-9,-2561.076214087
gonka125n6kr5gvdup0lndfkps7t6rd6592panhrg3np,-967.153023028,-980.508609552,-1011.16831755,0,0,0,,0E-9,,0,,-2958.829950130
gonka1r5hdy9q5v783ef7td98k4c68cxl6a58h5sytfq,0E-9,-2022.654607519,-2085.901374599,0,0,,,,,,,-4108.555982118
