address,epoch_245_poc_slot_allocation_weight,epoch_246_poc_slot_allocation_weight,epoch_247_poc_slot_allocation_weight,epoch_248_poc_slot_allocation_weight,epoch_249_event_1_preserved_weight,epoch_249_event_2_preserved_weight,epoch_249_event_3_preserved_weight,epoch_250_event_1_preserved_weight,epoch_250_event_2_preserved_weight,epoch_251_event_1_preserved_weight,epoch_251_event_2_preserved_weight,epoch_252_event_1_preserved_weight,epoch_252_event_2_preserved_weight,epoch_252_event_3_preserved_weight,epoch_253_event_1_preserved_weight,epoch_253_event_2_preserved_weight,epoch_254_event_1_preserved_weight,epoch_254_event_2_preserved_weight,epoch_254_event_3_preserved_weight,epoch_254_event_4_preserved_weight,epoch_255_event_1_preserved_weight,epoch_255_event_2_preserved_weight,epoch_255_event_3_preserved_weight,epoch_255_event_4_preserved_weight,total_preserved_event_weight
gonka16k03ze5ynkprsd4n6e5uzhthvu9jjk553rauqy,2685,2685,2685,,964,964,964,964,,4936,,4936,4936,,,2318,2318,2318,32671,32671,32860,,30353,30353,192581
gonka15munkmx6x7k6rqqeexjet4556p7at39ks9qgr5,3007,,,,4503,4503,4503,4489,4489,,7451,4457,4457,4457,13838,10929,11069,6540,6540,4529,11069,6540,11069,6540,134979
gonka14ljarev2nlzu4ej50vx7ylj2rvg4n20fnq2ysc,2644,2644,,,5425,5425,5425,5415,5415,5418,,5466,5466,5466,8216,8216,5380,5380,5380,,5358,5358,5358,5358,108213
gonka1famtxh54kad6ylwtm60j6d7h6unpc08d4vdqnk,3006,3006,3006,3006,,,,4698,4698,,4698,4698,,1650,4698,4698,6412,7739,7739,7739,7799,7799,7799,6472,101360
gonka1q5xt54wncgzk7dxv9x64uln68455g83wu9tugg,,2956,2872,,3846,3846,3846,3845,3845,5667,5667,2899,2899,2899,5823,5823,20126,2899,5823,5823,,,,,91404
gonka1duuaqdx06sx8v2dzggltwwmqyuw8lvjkjq7xll,,,,,,,,,,6483,6483,3323,,1661,3323,,6980,6980,6980,6980,7031,7031,7031,7031,77317
gonka12pcu9mcrpa4w4sjd9y3dsksnvu495ss6f9r4ra,,,,4807,3313,3313,3313,,3298,4869,,,5410,5410,,8128,,5410,,5410,5378,5378,5378,5378,74193
gonka1hwvel7n3zuk6wruefuzc356l9myske9stckwnz,2746,2725,,2694,5480,5480,5480,5412,5412,,,,2717,,2717,,,,5445,5445,,5433,5433,5433,68052
gonka10mmdjau4dnj8krs7sh7t7635ttnmq9u3vqgz09,,3108,3108,3108,,,,7991,7991,8010,8010,,8010,8010,,,,,,,,,,,57346
gonka1tja3g2da45efhe2p83gk3whtussmgmtsdlgprt,,,,,5475,5475,5475,,2713,5423,5423,2711,2711,2711,2721,2721,2659,,2659,2659,,,,5355,56891
gonka187tn9y92ur6tu0zf69u94hwl0q77m47y0k36hv,,2159,2159,,2922,2922,2922,2922,2922,2903,2903,4317,,2140,,,4231,4231,,4231,4231,4231,,4231,56577
gonka1rcpc45n6zch9qlkn4m3cwngekad89xu8mcr09v,,,,2460,4895,4895,4895,4895,2447,4895,,,,2447,4869,,,2434,2434,,2434,2434,2434,4910,53778
gonka1wvv656pt2d8x2khcvytqeessck5uzjnxzsa8f6,,,,,2747,2747,2747,,2764,5532,5532,2764,2764,2764,,5532,2764,2764,,,2759,2759,2759,2759,52457
gonka14tqh62mangwzrma2lgg2dm375rcjzn2ydy8ttm,2015,,,,2787,2787,2787,2787,2787,,,,4210,4210,,6326,,4144,4144,,4144,4144,4144,,51416
gonka1y2a9p56kv044327uycmqdexl7zs82fs5ryv5le,,,,994,,,,,1021,3991,3991,1039,1039,1039,1039,1039,3179,3179,4218,4218,4218,4218,3179,3179,44780
gonka1fkrsesmn2hdj30fhwyam6h4f2e77un36xalhvl,2061,2061,2061,,3316,3316,3316,3316,3316,,,3316,1093,1093,3316,,,3244,3244,,,3291,3291,,44651
gonka1d694r00czmq75txghwjcuk07lxvc8d4ekgsha0,453,,455,,639,639,639,639,,639,,,,,,,9106,16886,476,1325,849,9246,1325,1325,44641
gonka168rtjfkszuhcggg4dfyse4yh7xn9zwfglnkns2,450,450,448,448,617,617,617,,,,616,,,,467,467,,457,457,457,453,21839,453,14433,43746
gonka1pllyukkeymx3hfd9mts3pryr9y6efs9eshty87,,2125,2125,2125,2940,2940,2940,2816,,,2816,2103,2103,2103,3335,,3335,3335,,3335,1103,1103,,,42682
gonka17gpuntq09zsaqtmpe544gc32tk4424dwv5t34f,894,,,835,1813,1813,1813,,,1813,,1813,874,,4465,1813,3126,3126,3126,3126,1327,1327,3142,3142,39388
gonka1lr9mj6dgkv0h76c8y8w0l3esztyg9v2q8d6d8d,,,2409,2409,,,,,2473,,2473,2473,2473,2473,2406,2406,2420,2420,2420,2420,2420,,2420,2420,38935
gonka1kx9mca3xm8u8ypzfuhmxey66u0ufxhs7nm6wc5,,,,,,,,,,,,,,,,2100,3286,3286,5386,3286,5307,3224,5307,5307,36489
gonka1u4zxypjgcr8khlzefwjr0vwdaj2uzruw2cehj3,,,,,2111,2111,2111,2111,,2100,2100,2091,2091,2091,2091,2091,2091,,,2091,,2091,2091,,31463
gonka1slndy4rsmld579628302rj5gz8z9qf4v6ppmc4,,,2166,,778,778,778,,778,,778,2271,,2271,,2271,2271,2271,,2271,2271,2271,2271,2271,28766
gonka1zsvl7ujlc8z3a35v2q6e3nml7ftyk23v76jqgl,,,,,991,991,991,,991,991,3694,991,991,991,3779,3779,,,991,991,2414,2414,2414,,28404
gonka1ujnc662v6g69jm6fgxnr79a2m7ehzeut059239,,,,,1962,1962,1962,1962,,,1962,1962,1962,1962,2043,,1963,,1963,1963,,,2042,2042,27712
gonka1myu058axjs62mc3e7na9krwvqpfl9z3gtcw9es,,,,,1843,1843,1843,1782,1782,1782,1782,742,742,742,1579,,1579,1579,1579,1579,1569,1569,,1569,27485
gonka1ccdm8j6sjyhq4qask049dwgaczs7f3pxte6zmp,2117,,2126,2126,,,,2100,2100,,,2062,2062,2062,,,,2071,,2071,2071,2071,,,25039
gonka1qu9mna5xlvlnw9455ygtjq92wuzkzm237w8l08,,,2055,,1999,1999,1999,,1999,,,1999,,1999,1999,,,,2003,,,,2003,2003,22057
gonka19f9hkpmjaldncsfly4j63sy932y8hughn4l3d8,,911,911,,1830,1830,1830,1830,1830,1813,1813,,,902,,,1805,,1805,,,,,1805,20915
gonka1jltjehxsnum94nt8c00ts7khmpy4lafv6gryzk,1812,1812,,,3935,3935,3935,,3833,,,,617,617,,,,,,,,,,,20496
gonka1zktn8j65wlys8a8e38hqhf4y3x6m4x04zskkrx,,,,,131,131,131,131,131,131,2566,369,369,369,,,375,375,,,3333,3333,3708,3708,19291
gonka1ym3np7guxart483yfdxnlztuazx22cjt0e4a2p,,,,732,766,766,766,2520,766,2520,,,766,766,2516,2516,766,766,766,,,766,766,,19230
gonka1r5hdy9q5v783ef7td98k4c68cxl6a58h5sytfq,,6399,6399,6399,,,,,,,,,,,,,,,,,,,,,19197
gonka1zpw8tml8xl4fm6zm8zpf2u4pq4tehmd9e2vgq7,,,,,935,935,935,,,,,,,,2788,2788,2726,,,,2726,2726,,,16559
gonka19ghzvgfr065s3fr5awuvs3nhy9fq4n7wrr9kel,1317,,960,,,,,2303,,2303,,2303,1151,1151,2339,,384,,384,384,384,,,384,15747
gonka1tlvg4kjx7ljd5thgd5fkgh39q6lu8cmxupktgg,,,,1988,,,,,,,,1901,1901,1901,,,,2064,2064,2064,,,,1712,15595
gonka1amlmhjym02shahjv8ldmupg4cx0qc66q6f85rj,911,911,,,915,915,915,915,915,915,915,893,,893,,,,,915,915,,915,915,915,14588
gonka1tmk2tzdneht6smu34pkmqdvu7p34qavvmwtwq2,,,,1540,,,,1202,1202,,,1216,,1216,,1216,1261,,1261,1261,1261,1261,,,13897
gonka1830lqug50lse998x2lakk4pj5ypfumz5pasz0y,,,,,,,,1498,1498,,1374,1374,1374,1374,,1374,1342,1342,,1342,,,,,13892
gonka1uf5cg7ef0ns6877nl27y0s6rt06cdmn40k5a88,,,,894,,,,992,,973,,988,988,,988,988,,988,,988,990,990,990,990,12747
gonka1x7zh2277spp7jfqjhv0g5mnezg290xdr4kpfnk,,,,755,,,,973,973,,973,973,973,973,,,973,,,973,973,973,973,973,12431
gonka125n6kr5gvdup0lndfkps7t6rd6592panhrg3np,3102,3102,3102,3102,,,,,,,,,,,,,,,,,,,,,12408
gonka1wthc28t25pg63hzvl07rl8e8r6km6hesl6jhsz,,,,,,,,1962,474,1903,1903,471,471,471,,,1498,1498,1498,,,,,,12149
gonka17pw6099q758qwzewtrqmqpf5c2lrhr97fwqexu,,462,449,449,,,,925,925,,751,751,371,,751,751,,,1817,,1843,1843,,,12088
gonka188c86f9mrlt4nlcg89f82nnfm9jzq9gtjafj50,,3887,3887,3887,,,,,,,,,,,,,,,,,,,,,11661
gonka1h3s37p0l23mg6ak9h9nmayh6r9f2vm6umj3qet,,2794,2794,,1003,1003,1003,1003,1003,,,,,,,,,,,,,,,,10603
gonka1dkl4mah5erqggvhqkpc8j3qs5tyuetgdy552cp,,1184,1184,1184,,,,,,,,,,,,,1169,1169,,,1169,1169,1169,1169,10566
gonka1h2m79scgaq6ultrwge03wjk0ys4whgcejphmql,,,,,,,,,,,,2005,2005,,,,2005,2005,2005,,,,,,10025
gonka12fazh3etpdx947ldwen4wudnds7wu4kjp5vd76,2426,2426,2426,2426,,,,,,,,,,,,,,,,,,,,,9704
gonka1umvyh0rz5fdmk9qhxurshhchennajced6f4s89,,,,,3204,3204,3204,,,,,,,,,,,,,,,,,,9612
gonka12gc47yq8m7rnsa3aucq8mlzm7men8jaac7qkkz,3133,3133,3133,,,,,,,,,,,,,,,,,,,,,,9399
gonka17ef5hl0588tmjm9ypw7t2kge78wrkcpvyspc0p,2304,2304,2304,2304,,,,,,,,,,,,,,,,,,,,,9216
gonka1qa90tgczc0k5dvk4l5nvlf5y6phgm6mg22sfjv,,,,,,,,,,,,,,,4113,4113,,,,,,,,,8226
gonka1043d00lu0v3fz53cut34twtcanalqg9u8vehp2,2046,2046,2046,2046,,,,,,,,,,,,,,,,,,,,,8184
gonka17tlh09e32xpv2uj433ytjnwwd8fh24jclpzm5s,1923,1923,1923,1923,,,,,,,,,,,,,,,,,,,,,7692
gonka1d7p03cu2y2yt3vytq9wlfm6tlz0lfhlgv9h82p,,627,627,627,,,,620,620,,620,,620,,,,630,630,,630,,618,618,,7487
gonka145666cll76ptcyy9ceymtalr8gnvv73ne99p32,2337,2337,2337,,,,,,,,,,,,,,,,,,,,,,7011
gonka1p2lhgng7tcqju7emk989s5fpdr7k2c3ek6h26m,,627,627,627,,,,620,,620,,620,620,,,620,620,620,,,,,,620,6841
gonka17fcahf38xh8ghzyyrc55tarz9nd0vw6xd29nsk,1699,1699,1699,1699,,,,,,,,,,,,,,,,,,,,,6796
gonka1fp8zl07qccdzuekns2q55jgmcag40kjrm8z0z9,2314,,2215,2215,,,,,,,,,,,,,,,,,,,,,6744
gonka1gyk0aahvr3qeju4zx0nplfreej6cy4jjk8svc5,,425,425,425,,,,,,420,420,420,420,,420,420,420,420,420,420,422,,422,422,6741
gonka1vjz8csqsr0ph0lv0yylc4auypnzrld7y6l2feu,,,,,,,,1785,1785,906,,,,,,,,,884,884,,,,,6244
gonka1qwfrtz9c7kcrfkrrlne2pkcye74mj6ce33xdkl,,,658,,,,,,,,591,591,,591,,591,,591,,591,608,,,608,5420
gonka1cckj93kp9kegry64scpn4ew9965g3qrswyshl9,,1792,1792,1792,,,,,,,,,,,,,,,,,,,,,5376
gonka1dpt9zx2dqcky6yjjwrd8xz2w7lq6vffy9mhvgs,,2549,2549,,,,,,,,,,,,,,,,,,,,,,5098
gonka1lswsj2x7u4606wqpunmm07skgf76r3dyz4v0d8,,,2529,2529,,,,,,,,,,,,,,,,,,,,,5058
gonka1llgg3kvg9sc6xz09jtkcrucrppxgn78xe4xlv0,2531,,2391,,,,,,,,,,,,,,,,,,,,,,4922
gonka1ge9amk4ymld27d35akj3ky9uph4gyz6rdpepjj,2329,,2452,,,,,,,,,,,,,,,,,,,,,,4781
gonka129ks6ra4ddy8ppsfk0gr8yu24sqk3nanmm34cs,2247,2247,,,,,,,,,,,,,,,,,,,,,,,4494
gonka1fc9tzt83dgrqswlgay4668cuqjrk7zsqks2vm2,,268,268,268,,,,267,,257,257,257,257,257,257,257,254,254,254,254,268,268,,,4422
gonka14zg378dzun4p2zhyuaq59y2q0e340wzahgz97q,2187,2187,,,,,,,,,,,,,,,,,,,,,,,4374
gonka1c6y9p4w87equy52va4us3qzycz9w28ua9693gl,2065,2065,,,,,,,,,,,,,,,,,,,,,,,4130
gonka16q0zaetd6hq6d8zj48ur0v967xrrwh566kcazc,,2467,,1553,,,,,,,,,,,,,,,,,,,,,4020
gonka1eazh84v0e60s9m7exxp3nsadcfgvnsthgypjvl,931,931,931,931,,,,,,,,,,,,,,,,,,,,,3724
gonka1369ax8kr4ma8zu708jr3x2r902lfs8tcguyxl8,1701,1701,,,,,,,,,,,,,,,,,,,,,,,3402
gonka1gyydhl9lp0udz3409ps0c0lk0y4ft8qcyv8tfq,,,1680,1680,,,,,,,,,,,,,,,,,,,,,3360
gonka1ql9asemklpkpr2d4mh33xw5gj0g5tm0v98c5q3,,,1640,1640,,,,,,,,,,,,,,,,,,,,,3280
gonka1psgzz288a434dv6863ldd73xma70zw7387muj2,,,1640,1640,,,,,,,,,,,,,,,,,,,,,3280
gonka1u9a7r4w76gult5n9ysadnual9fghkc6yda60wj,,,,,542,542,542,542,542,542,,,,,,,,,,,,,,,3252
gonka1uzk2scggfzghr9a5j92l00gzw4jx4adc66977y,,,,3082,,,,,,,,,,,,,,,,,,,,,3082
gonka168yvlgt9jg86frg2z90cc8w4pz9hnd7f8lshux,1491,1491,,,,,,,,,,,,,,,,,,,,,,,2982
gonka125xgn4z89quhrjhv6qfgn83wqwlaykxs8upjrt,1484,1484,,,,,,,,,,,,,,,,,,,,,,,2968
gonka10snluhflqhmwl5xrpuy9ugevypxdjjsft370fq,685,685,,1570,,,,,,,,,,,,,,,,,,,,,2940
gonka105qfr38n0rz0d2r8hererw9ws5qx7njcujezvu,2767,,,,,,,,,,,,,,,,,,,,,,,,2767
gonka15sptlamre9vq4m5t7pa7je5r2pc34kmlwvj0jz,2743,,,,,,,,,,,,,,,,,,,,,,,,2743
gonka10g4ak0ku3lezt0q3kk346updcyyz83369pqtgx,,2642,,,,,,,,,,,,,,,,,,,,,,,2642
gonka19dh0tamdjnhtccfdpmsnty3gxfpp0wkdusl0xr,2571,,,,,,,,,,,,,,,,,,,,,,,,2571
gonka1m27e6qup7q8jmvnrn29kahd7vlx6r4l84z4thz,,,,2544,,,,,,,,,,,,,,,,,,,,,2544
gonka188qynuf5zs5966vzlrf2q2tj7h7laa995vrxr3,,2452,,,,,,,,,,,,,,,,,,,,,,,2452
gonka1elw9xd79mpsrt7jqwkweg6yv02nvda49xhcej2,2408,,,,,,,,,,,,,,,,,,,,,,,,2408
gonka1hytku6t3cfd7wppyrjvu357jjqpsgsw6wcprcy,2307,,,,,,,,,,,,,,,,,,,,,,,,2307
gonka1w29nvdy6caqtrw30whz9h6ghl0xszwh3egndah,,,,,,,,,,247,247,,247,,247,,247,247,247,,,237,237,,2203
gonka19kue8dlczfr0vl94tta3l9k5s08hwuu0zd5ewv,2196,,,,,,,,,,,,,,,,,,,,,,,,2196
gonka10kjjhgzngn2yj9fgrcfu4wf5lj6xv05u7xhz53,2065,,,,,,,,,,,,,,,,,,,,,,,,2065
gonka1k6p754pyhxud2399knyccgjpjvdafj2u9xlgyf,,1063,,984,,,,,,,,,,,,,,,,,,,,,2047
gonka1gt0406jz45mjt0jujqtfd3m9lcyah93t0wj084,1772,,,,,,,,,,,,,,,,,,,,,,,,1772
gonka1jcxsgcnctv69xd9v35qy45m45pg3wwhn0f8pl2,1770,,,,,,,,,,,,,,,,,,,,,,,,1770
gonka19qkysq3adu5lrasgvgy7ecd78erz7jndye92jv,1739,,,,,,,,,,,,,,,,,,,,,,,,1739
gonka1nkzdygk3g2p2usnueuqxyep3462350hgzxs86s,,,,1670,,,,,,,,,,,,,,,,,,,,,1670
gonka12av9up884t9lcsf70rs0l7jfmkmc8k9sxfuknt,833,833,,,,,,,,,,,,,,,,,,,,,,,1666
gonka1usmu5mfu8vsafvsrsvdutl50vy8kumdhv0j2x9,,,,1650,,,,,,,,,,,,,,,,,,,,,1650
gonka15rvksn9gxgpszyr8270cd4wj2x3d460r394uv4,,,1650,,,,,,,,,,,,,,,,,,,,,,1650
gonka13kd0e5393704ummmwf7pqvphlm5qsqdpe3kal2,1637,,,,,,,,,,,,,,,,,,,,,,,,1637
gonka1vcawx5jc2hahydd9sqw30hlxyd9ppupm9ez0yz,,,,1620,,,,,,,,,,,,,,,,,,,,,1620
gonka15pgw0fe32rv78hdj2clch9acy0mv08j7xkrmxz,1620,,,,,,,,,,,,,,,,,,,,,,,,1620
gonka1qx4f2vzhccv0ndhssfgafvf55xf4smuzjmkvky,,1559,,,,,,,,,,,,,,,,,,,,,,,1559
gonka12kqft8tme0z5zm6skx8zwja7aq8knqc0udfcwp,1501,,,,,,,,,,,,,,,,,,,,,,,,1501
gonka18xeqnspxpg2vncufnjne485rkaagwvz7whyn0d,,,,,,,,1498,,,,,,,,,,,,,,,,,1498
gonka163ug8zucqeag9v5ey4au34jqt7vejkmxsg74eu,,,,,,,,,1489,,,,,,,,,,,,,,,,1489
gonka10t67f5zxh7canhuznxg7cperec6286jjqh5pey,421,421,421,,,,,,,,,,,,,,,,,,,,,,1263
gonka1p60lruhxmwcsa9taa28cp4k4f6kv2kvyu5h5ep,,,1053,,,,,,,,,,,,,,,,,,,,,,1053
gonka1qnj39ysxpzknvrr5dw9rdl7cx5q7dpkwerryrs,,,,,,,,,,,,,,,,,,,,,,,,1031,1031
gonka1pvkv59e72vju2h7s9j3ex62c5xneqey350vpwn,,587,,,,,,,,,,,,,,,,,,,,,,,587
gonka1l0qv64xdu3dk2zzm5vk97j0drcmkus95u50gqk,,,,576,,,,,,,,,,,,,,,,,,,,,576
gonka10jjrlvkfkqupgudz0l603sq99y3wkt3urwjm0x,,,,447,,,,,,,,,,,,,,,,,,,,,447
gonka1yukev873tps58s6rlkh6czs5rrqp2sdqw7pm58,,,,,,,,,,,,,,,,,,,,,,,,,
gonka1yt2s5u5k06rm2au8dsqm4kzwmw7klqsrd6xd95,,,,,,,,,,,,,,,,,,,,,,,,,
gonka1yrfq267gf5jz76m3j5sln7f5h00t9g6fmat4gp,,,,,,,,,,,,,,,,,,,,,,,,,
gonka1ym8g5f34h5zu4p4d4ldjnycfkty9qxpmyx5a3m,,,,,,,,,,,,,,,,,,,,,,,,,
gonka1yewc6rmr5zhcpy6dnpt4wup990j299qt03x40s,,,,,,,,,,,,,,,,,,,,,,,,,
gonka1yal0ysgzc860zt3y8cds8656tnueusgymftvkw,,,,,,,,,,,,,,,,,,,,,,,,,
gonka1y4kyhqy022gt4kklxxflgqkutnx96ssww66zg6,,,,,,,,,,,,,,,,,,,,,,,,,
gonka1xwkesaxvdadh9wt9yyladu0r260s7whklcktds,,,,,,,,,,,,,,,,,,,,,,,,,
gonka1xmgcpaw6n57ewn6s2fhggxaakemaaxuv4pdpmq,,,,,,,,,,,,,,,,,,,,,,,,,
gonka1xfg6ed596n8ka7tjp7j604prf5n4mgv3h9d02t,,,,,,,,,,,,,,,,,,,,,,,,,
gonka1x20c5d9wzatlr0t69xjm05x9uemq9mnk00udfa,,,,,,,,,,,,,,,,,,,,,,,,,
gonka1wzujgkw64xvz3vqttg7ktl5tlsdga7l53g6d55,,,,,,,,,,,,,,,,,,,,,,,,,
gonka1wkgawwdzj623ss8eywayzdj6qcgr2llygactje,,,,,,,,,,,,,,,,,,,,,,,,,
gonka1wfn87ruutktth7l8ne3rvhmlsscqxah09kua02,,,,,,,,,,,,,,,,,,,,,,,,,
gonka1vz2jg42w39l63dmvmjqdsnxx0ywnzt9nzypdy7,,,,,,,,,,,,,,,,,,,,,,,,,
gonka1vcvn2p5gczr5pynqq0ca0933tdrf5w64sjgtdg,,,,,,,,,,,,,,,,,,,,,,,,,
gonka1upq4e3ahzea8mu5mhrdptff94xru98lx47h43z,,,,,,,,,,,,,,,,,,,,,,,,,
gonka1uhqpup9fev3zahlx6n326lp0krznc6usjtx6lu,,,,,,,,,,,,,,,,,,,,,,,,,
gonka1uawu7tlxcuss8xk9m63fpjm86y58chsg5xwsjt,,,,,,,,,,,,,,,,,,,,,,,,,
gonka1tl5m3vuqsx333v7095ymwjdc4vdk2wd9r5hqws,,,,,,,,,,,,,,,,,,,,,,,,,
gonka1t8p0tjqls358gmzvd3rnnjulraq2k3m772vnt8,,,,,,,,,,,,,,,,,,,,,,,,,
gonka1sq6myvv8r263v4ll5l3ny790nsg5s4507crtqr,,,,,,,,,,,,,,,,,,,,,,,,,
gonka1sa32xmpxvv7nepfc22004rgdl4ddjvne42guce,,,,,,,,,,,,,,,,,,,,,,,,,
gonka1s43peau7vafujfxyape603yklhdzjh2stq702z,,,,,,,,,,,,,,,,,,,,,,,,,
gonka1qv2dwvqxt542k5ewhggm2wtcpadvzg6mzupzg8,,,,,,,,,,,,,,,,,,,,,,,,,
gonka1qsuduuah26qpym3te4tr6u8lh3hmecaxn9j7te,,,,,,,,,,,,,,,,,,,,,,,,,
gonka1pcu4wfdv2jtpfsnhgjk4zp7d46z47928xj73st,,,,,,,,,,,,,,,,,,,,,,,,,
gonka1p3hklp6flhdffdkwr70azcsum77fha3ecqwgg0,,,,,,,,,,,,,,,,,,,,,,,,,
gonka1nvvrc06zpk7cwmrekehlr8yqw4mgdfq94dc4ay,,,,,,,,,,,,,,,,,,,,,,,,,
gonka1mmlyd5xxu5l68yx8wzclrkxkxvm88mhq5tp5s0,,,,,,,,,,,,,,,,,,,,,,,,,
gonka1mdy7nlecw4xaqdxmeh3qlqzakg9ftge9szfqgg,,,,,,,,,,,,,,,,,,,,,,,,,
gonka1lyc347ysjruw7hvvejekqwu0y62cq0898dzarl,,,,,,,,,,,,,,,,,,,,,,,,,
gonka1lwl6qhrdqw43sqc2y4eclfrngf799rnm7mmx87,,,,,,,,,,,,,,,,,,,,,,,,,
gonka1l7p83akwkcxtksnwve23x5wp47zammznm4qus8,,,,,,,,,,,,,,,,,,,,,,,,,
gonka1l6pp6p5hgaa69rj0eazn73f7gkawue94fq5v9g,,,,,,,,,,,,,,,,,,,,,,,,,
gonka1l0enytn32rklk95dxrdt3v39hktxdw79trvgj5,,,,,,,,,,,,,,,,,,,,,,,,,
gonka1kdmstpljv33v8lz457lmj8f9g995l7ygwm460s,,,,,,,,,,,,,,,,,,,,,,,,,
gonka1jrgm47v5eg876udmzg6j6glqcsd5x0vk6crpax,,,,,,,,,,,,,,,,,,,,,,,,,
gonka1jcelp2ad2x0jf2vnyhkhd6wquug0zpd09sxxw4,,,,,,,,,,,,,,,,,,,,,,,,,
gonka1fwjwxw6cvspwautdrhr2jf4mfayy074t5npwnx,,,,,,,,,,,,,,,,,,,,,,,,,
gonka1fvly5jrewyjmjfgwah3khy9rttq4cqajcesv9p,,,,,,,,,,,,,,,,,,,,,,,,,
gonka1f0u3y2wneer8zhz3ypw4x54h38cpa0qsy8ts3e,,,,,,,,,,,,,,,,,,,,,,,,,
gonka1edyd5lny4esrc35f6egjukmnfseyyyj4vn54mc,,,,,,,,,,,,,,,,,,,,,,,,,
gonka1ecercvenlsnghx4yakvdpdq2mantyh5ythhn29,,,,,,,,,,,,,,,,,,,,,,,,,
gonka1e94a7r2tn3n8ewa3mha3vjnq2dkvgt5stfqgqg,,,,,,,,,,,,,,,,,,,,,,,,,
gonka1e38cgywjkf4hejnf9utmpguq3qug0s5rd45kqm,,,,,,,,,,,,,,,,,,,,,,,,,
gonka1dzdmx5ljrwkelrmgd7suv2q43epn293qacpgqn,,,,,,,,,,,,,,,,,,,,,,,,,
gonka1dhn7hjn6udpyv6gkhfulnalufv4947a4e9kyne,,,,,,,,,,,,,,,,,,,,,,,,,
gonka1d7ghexkrnm00fh695zcd00xgfgwxe2vvamcsdt,,,,,,,,,,,,,,,,,,,,,,,,,
gonka19cjm4c5mt3j3qdr8vhytmm4hef3pnkvkm0x7m2,,,,,,,,,,,,,,,,,,,,,,,,,
gonka1975m3w08ywrc89aqcr9m8z6z70a38jf64vwte8,,,,,,,,,,,,,,,,,,,,,,,,,
gonka18tm9tu9rak460pjdpj6xvfeffk474h6xhgme3c,,,,,,,,,,,,,,,,,,,,,,,,,
gonka17akw9frq5grupdh9fwtc4mym3fgcujf9esdmta,,,,,,,,,,,,,,,,,,,,,,,,,
gonka175dvjafzhfxwgvrj83cm9ekmgh2a4u7nqv4azu,,,,,,,,,,,,,,,,,,,,,,,,,
gonka14wp5g2auyarncnwk6ufl8stmyrlgzx0l0d3f80,,,,,,,,,,,,,,,,,,,,,,,,,
gonka14g78ez2zy08k8sssue483zmfpgd4qut8zcwlqc,,,,,,,,,,,,,,,,,,,,,,,,,
gonka13jelpte0qx5f0up3pzmmgnnqj5877rwfs08n7q,,,,,,,,,,,,,,,,,,,,,,,,,
gonka12vq65qqgep5x2zvjxqzqtnsw2hpyz92czen8z5,,,,,,,,,,,,,,,,,,,,,,,,,
gonka12tfc6ccmadjqv6yaa3axxsuhy6zv6tupu78p8u,,,,,,,,,,,,,,,,,,,,,,,,,
gonka12fdlw5g8wex6v74nd42vfhnympsz5kn8p3adh5,,,,,,,,,,,,,,,,,,,,,,,,,
gonka123vh2t9er866647lsn6kclt8lfq2l9kwy4le76,,,,,,,,,,,,,,,,,,,,,,,,,
gonka123fment8nj6mrekwv9rh5zmevxjd7t05c8azrd,,,,,,,,,,,,,,,,,,,,,,,,,
gonka10ux22dq9a5dn5t4v370vzkww874yc6pmudxjen,,,,,,,,,,,,,,,,,,,,,,,,,
gonka10cyq8zuplcwr5ntesxn52wp5ky3a7c3nrqdce8,,,,,,,,,,,,,,,,,,,,,,,,,
gonka107et3r7gxsrkce7wq42jjf5k98r5xvsfy6xsn5,,,,,,,,,,,,,,,,,,,,,,,,,
gonka100xav7dpl82gxrtg72yjhpz2zn6f24gv035ted,,,,,,,,,,,,,,,,,,,,,,,,,
