address,current_status,epoch_220,epoch_221,epoch_222,epoch_223,epoch_224,epoch_225,epoch_226,epoch_227,epoch_228,epoch_229,epoch_230,epoch_231,epoch_232,epoch_233,epoch_234,epoch_235,epoch_236,epoch_237,epoch_238,epoch_239,epoch_240,epoch_241,epoch_242,epoch_243,epoch_244,epoch_245,epoch_246,epoch_247,epoch_248,epoch_249
gonka100xav7dpl82gxrtg72yjhpz2zn6f24gv035ted,INACTIVE,,,,,,,,,,,,,,,,,,,,,,,,,,,,,,
gonka100yl7qvcpdrt834zay8wusptg8g6yrv4p7fh4w,INACTIVE,,,,,,,,,,,,,,,,,,,,,,,,,,,,,,
gonka102yeygzzq74pudsa9nwvjh3q9x4q7wscr23hlw,INACTIVE,,,,,,,,,,,,,,,,,,,,,,,,,,,,,,
gonka103tuctlftrr5zzc2vgmu86vw4u6pus9wxnm8a4,INACTIVE,,,,,,,,,,,,,,,,,,,,,,,,,,,,,,
gonka1043d00lu0v3fz53cut34twtcanalqg9u8vehp2,INACTIVE,,,,,,,,,,,,,,,,,,,,,,,,,,,,,,
gonka105az9lyvju6l32qvl4xkzqru4cs4xuft8lh0e5,INACTIVE,,,,,,,,,,,,,,,,,,,,,,,,,,,,,,
gonka105fgwnqwd72m685xcalvvsdyzmf59khq607rlx,INACTIVE,,,,,,,,,,,,,,,,,,,,,,,,,,,,,,
gonka105qfr38n0rz0d2r8hererw9ws5qx7njcujezvu,INACTIVE,,,,,,,,,,,,,,,,,,,,,,,,,,,,,,
gonka107et3r7gxsrkce7wq42jjf5k98r5xvsfy6xsn5,INACTIVE,,,,,,,,,,,,,,,,,,,,,,,,,,,,,,
gonka108gphssdzk24czkrm9apwf50uvs8073u4kwn5t,INACTIVE,,,,,,,,,,,,,,,,,,,,,,,,,,,,,,
gonka10cyq8zuplcwr5ntesxn52wp5ky3a7c3nrqdce8,INACTIVE,,,,,,,,,,,,,,,,,,,,,,,,,,,,,,
gonka10e7qay76svkulq7wx3mez60jvdxj5pmjynmyrz,ACTIVE,,,,,,,,,,,,,,,,,,,,,,,,,,,,,,
gonka10g4ak0ku3lezt0q3kk346updcyyz83369pqtgx,INACTIVE,,,,,,,,,,,,,,,,,,,,,,,,,,,,,,
gonka10jjrlvkfkqupgudz0l603sq99y3wkt3urwjm0x,INACTIVE,,,,,,,,,,,,,,,,,,,,,,,,,,,,,,
gonka10kjjhgzngn2yj9fgrcfu4wf5lj6xv05u7xhz53,INACTIVE,,,,,,,,,,,,,,,,,,,,,,,,,,,,,,
gonka10mmdjau4dnj8krs7sh7t7635ttnmq9u3vqgz09,ACTIVE,,,,,,,,,,,,,,,,,,,,,,,,,,,,,,
gonka10pgvk2tumqy5n4v2h9dqtkxqes9p208qdy37ta,INACTIVE,,,,,,,,,,,,,,,,,,,,,,,,,,,,,,
gonka10rk42wkre2wp24m3n8u2maa4p2nm3ev5r0fwcy,ACTIVE,,,,,,,,,,,,,,,,,,,,,,,,,,,,,,
gonka10snluhflqhmwl5xrpuy9ugevypxdjjsft370fq,ACTIVE,,,,,,,,,,,,,,,,,,,,,,,,,,,,,,
gonka10t67f5zxh7canhuznxg7cperec6286jjqh5pey,ACTIVE,,,,,,,,,,,,,,,,,,,,,,,,,,,,,,
gonka10thh6z0wvq9c05j4z3f9qtpxxedruqn5ae350k,INACTIVE,,,,,,,,,,,,,,,,,,,,,,,,,,,,,,
gonka10ux22dq9a5dn5t4v370vzkww874yc6pmudxjen,INACTIVE,,,,,,,,,,,,,,,,,,,,,,,,,,,,,,
gonka123fment8nj6mrekwv9rh5zmevxjd7t05c8azrd,INACTIVE,,,,,,,,,,,,,,,,,,,,,,,,,,,,,,
gonka123vh2t9er866647lsn6kclt8lfq2l9kwy4le76,ACTIVE,,,,,,,,,,,,,,,,,,,,,,,,,,,,,,
gonka125n6kr5gvdup0lndfkps7t6rd6592panhrg3np,INACTIVE,,,,,,,,,,,,,,,,,,,,,,,,,,,,,,
gonka125xgn4z89quhrjhv6qfgn83wqwlaykxs8upjrt,INACTIVE,,,,,,,,,,,,,,,,,,,,,,,,,,,,,,
gonka1287a8wk9nnd7w96ejr5qkj3a04hcf4nmtckc8p,INACTIVE,,,,,,,,,,,,,,,,,,,,,,,,,,,,,,
gonka1290wk5as5vg4f6l5r5sl2hjr2ty24lam3l6vlj,INACTIVE,,,,,,,,,,,,,,,,,,,,,,,,,,,,,,
gonka129ks6ra4ddy8ppsfk0gr8yu24sqk3nanmm34cs,INACTIVE,,,,,,,,,,,,,,,,,,,,,,,,,,,,,,
gonka12av9up884t9lcsf70rs0l7jfmkmc8k9sxfuknt,INVALID,,,,,,,,,,,,,,,,,,,,,,,,,,,,,INVALID,INVALID
gonka12fazh3etpdx947ldwen4wudnds7wu4kjp5vd76,INACTIVE,,,,,,,,,,,,,,,,,,,,,,,,,,,,,,
gonka12fdlw5g8wex6v74nd42vfhnympsz5kn8p3adh5,INACTIVE,,,,,,,,,,,,,,,,,,,,,,,,,,,,,,
gonka12gc47yq8m7rnsa3aucq8mlzm7men8jaac7qkkz,INACTIVE,,,,,,,,,,,,,,,,,,,,,,,,,,,,,,
gonka12hw8xf5rgy7fn0wt3qaxyk9gav6eu2rns25t2v,INACTIVE,,,,,,,,,,,,,,,,,,,,,,,,,,,,,,
gonka12kqft8tme0z5zm6skx8zwja7aq8knqc0udfcwp,INACTIVE,,,,,,,,,,,,,,,,,,,,,,,,,,,,,,
gonka12pcu9mcrpa4w4sjd9y3dsksnvu495ss6f9r4ra,ACTIVE,,,,,,,,,,,,,,,,,,,,,,,,,,,,,,
gonka12qz87r7g5sde33c6jnjp7n5kxj4t650v9ezxu7,ACTIVE,,,,,,,,,,,,,,,,,,,,,,,,,,,,,,
gonka12s6rzcvuq4mc3rl6dm9n3j609vm3pp39vwhuk6,INACTIVE,,,,,,,,,,,,,,,,,,,,,,,,,,,,,,
gonka12sjs2wwerzfp25y2w9cqpwk9r8z4uddmlt5spw,INACTIVE,,,,,,,,,,,,,,,,,,,,,,,,,,,,,,
gonka12tfc6ccmadjqv6yaa3axxsuhy6zv6tupu78p8u,INACTIVE,,,,,,,,,,,,,,,,,,,,,,,,,,,,,,
gonka12vq65qqgep5x2zvjxqzqtnsw2hpyz92czen8z5,ACTIVE,,,,,,,,,,,,,,,,,,,,,,,,,,,,,,
gonka12yxxjv4n3al94jgythp4jqyas8een5pu6xr2nr,INACTIVE,,,,,,,,,,,,,,,,,,,,,,,,,,,,,,
gonka132jlm2gj75cqyuvnnufv5uhnlmfm06jvm25zuv,INACTIVE,,,,,,,,,,,,,,,,,,,,,,,,,,,,,,
gonka134gw5wnwukm032r3xn4fe73ptrfqewjwnj42q9,ACTIVE,,,,,,,,,,,,,,,,,,,,,,,,,,,,,,
gonka135x5cg3v5x6mlkj2l077ayx3xv9r6jwsdv5e00,INACTIVE,,,,,,,,,,,,,,,,,,,,,,,,,,,,,,
gonka1369ax8kr4ma8zu708jr3x2r902lfs8tcguyxl8,INACTIVE,,,,,,,,,,,,,,,,,,,,,,,,,,,,,,
gonka13jelpte0qx5f0up3pzmmgnnqj5877rwfs08n7q,INACTIVE,,,,,,,,,,,,,,,,,,,,,,,,,,,,,,
gonka13kd0e5393704ummmwf7pqvphlm5qsqdpe3kal2,INACTIVE,,,,,,,,,,,,,,,,,,,,,,,,,,,,,,
gonka13l0e92dedmwm0a2zcxnctvqlcl2tw7hhkdmsnx,INACTIVE,,,,,,,,,,,,,,,,,,,,,,,,,,,,,,
gonka13mehzn6a86z7mkf0fcked5y2644r7hnq2txxpa,INACTIVE,,,,,,,,,,,,,,,,,,,,,,,,,,,,,,
gonka140f97y9dsnjc2cdusp0hzx73tk693ycg6mkqy5,INACTIVE,,,,,,,,,,,,,,,,,,,,,,,,,,,,,,
gonka143hahlzmxj26dlcdl5552yl9futt7jahjgeu69,INACTIVE,,,,,,,,,,,,,,,,,,,,,,,,,,,,,,
gonka143x3v0etsful8p4hznnltpeq8arz2g8lkrjumf,INACTIVE,,,,,,,,,,,,,,,,,,,,,,,,,,,,,,
gonka1442mg9djng8kvtmj5mjzenkakq4j7n3fs8tjkx,ACTIVE,,,,,,,,,,,,,,,,,,,,,,,,,,,,,,
gonka145666cll76ptcyy9ceymtalr8gnvv73ne99p32,INACTIVE,,,,,,,,,,,,,,,,,,,,,,,,,,,,,,
gonka146a8kuv4hf6lg5ex0h7k89vwld2c7lwp5923cy,INACTIVE,,,,,,,,,,,,,,,,,,,,,,,,,,,,,,
gonka149c9zggn4su56mrasyrkakk8apcpuz23sx35eq,INACTIVE,,,,,,,,,,,,,,,,,,,,,,,,,,,,,,
gonka149q5us80a94u45uuedufucdmn8ud5xq4de9g9e,INACTIVE,,,,,,,,,,,,,,,,,,,,,,,,,,,,,,
gonka14cee9dv3ew5chhttaka7p5q6ua0dfep5eqs0js,ACTIVE,,,,,,,,,,,,,,,,,,,,,,,,,,,,,,
gonka14cqs3cnsahrr52end3twr7sq3rhtwnj8j8pyzv,ACTIVE,,,,,,,,,,,,,,,,,,,,,,,,,,,,,,
gonka14d8xhx82yl50emk5ffuklr869e8mqf4lh556ng,INACTIVE,,,,,,,,,,,,,,,,,,,,,,,,,,,,,,
gonka14dd23kqxte3yhuae93g953ehh73f3djnuq0ern,INACTIVE,,,,,,,,,,,,,,,,,,,,,,,,,,,,,,
gonka14g5nf5z695era59sz6zat5mv7n4w73vp26cgx5,INACTIVE,,,,,,,,,,,,,,,,,,,,,,,,,,,,,,
gonka14g78ez2zy08k8sssue483zmfpgd4qut8zcwlqc,ACTIVE,,,,,,,,,,,,,,,,,,,,,,,,,,,,,,
gonka14ljarev2nlzu4ej50vx7ylj2rvg4n20fnq2ysc,ACTIVE,,,,,,,,,,,,,,,,,,,,,,,,,,,,,,
gonka14sdm8urd88v49ns7n6hz99chpunxjkr0w3m8y7,INACTIVE,,,,,,,,,,,,,,,,,,,,,,,,,,,,,,
gonka14tqh62mangwzrma2lgg2dm375rcjzn2ydy8ttm,ACTIVE,,,,,,,,,,,,,,,,,,,,,,,,,,,,,,
gonka14ued4vcdeluj9v9vmsmteap7vtg7t50640hvmf,INACTIVE,,,,,,,,,,,,,,,,,,,,,,,,,,,,,,
gonka14wmt933kjf2hlred8330gw28qjpt24j9p8muzp,ACTIVE,,,,,,,,,,,,,,,,,,,,,,,,,,,,,,
gonka14wp5g2auyarncnwk6ufl8stmyrlgzx0l0d3f80,INACTIVE,,,,,,,,,,,,,,,,,,,,,,,,,,,,,,
gonka14z0upz96hw5sd6jgw4qpmy4lfjg294y560f7te,INACTIVE,,,,,,,,,,,,,,,,,,,,,,,,,,,,,,
gonka14zg378dzun4p2zhyuaq59y2q0e340wzahgz97q,INACTIVE,,,,,,,,,,,,,,,,,,,,,,,,,,,,,,
gonka1534swfr4vp6s9zc8prhw6uzzvp9teg5pnrrs06,ACTIVE,,,,,,,,,,,,,,,,,,,,,,,,,,,,,,
gonka157lvhw8ay84qf6xs6rhvud7hjpnsp5zdcqg0s5,ACTIVE,,,,,,,,,,,,,,,,,,,,,,,,,,,,,,
gonka15ayg9m2kcek8l6ent5vmmczkkujumq0alrtgwz,INACTIVE,,,,,,,,,,,,,,,,,,,,,,,,,,,,,,
gonka15dyl07mzr3h6harfrmkkav9vhgv64gsa3qp0s8,ACTIVE,,,,,,,,,,,,,,,,,,,,,,,,,,,,,,
gonka15ekp90x056vsuw37za6vt9p54r6kr7pr76hyyd,INACTIVE,,,,,,,,,,,,,,,,,,,,,,,,,,,,,,
gonka15kf06ehfplnqtvgnndyfym9w9f63686cvw3nqj,ACTIVE,,,,,,,,,,,,,,,,,,,,,,,,,,,,,,
gonka15munkmx6x7k6rqqeexjet4556p7at39ks9qgr5,ACTIVE,,,,,,,,,,,,,,,,,,,,,,,,,,,,,,
gonka15pgw0fe32rv78hdj2clch9acy0mv08j7xkrmxz,INACTIVE,,,,,,,,,,,,,,,,,,,,,,,,,,,,,,
gonka15phrun9xzcm2f9vz7lfef9yj26xjhte9jl2jvc,INACTIVE,,,,,,,,,,,,,,,,,,,,,,,,,,,,,,
gonka15q3hcqdkvthz82rht3vxayfmx3u5hcq00evfxg,INACTIVE,,,,,,,,,,,,,,,,,,,,,,,,,,,,,,
gonka15ra622ntmvwys9mxqncn2uv9vwknlytfu959ff,INACTIVE,,,,,,,,,,,,,,,,,,,,,,,,,,,,,,
gonka15rvksn9gxgpszyr8270cd4wj2x3d460r394uv4,INACTIVE,,,,,,,,,,,,,,,,,,,,,,,,,,,,,,
gonka15sptlamre9vq4m5t7pa7je5r2pc34kmlwvj0jz,INACTIVE,,,,,,,,,,,,,,,,,,,,,,,,,,,,,,
gonka15suq3puxz0ec7fnyurwf47qn8jqs8trhyw0uau,ACTIVE,,,,,,,,,,,,,,,,,,,,,,,,,,,,,,
gonka163ug8zucqeag9v5ey4au34jqt7vejkmxsg74eu,INACTIVE,,,,,,,,,,,,,,,,,,,,,,,,,,,,,,
gonka165eh4p7rkucdv3p0pd92l67rm8fw8apq0p2c9e,INACTIVE,,,,,,,,,,,,,,,,,,,,,,,,,,,,,,
gonka165pppmxfxxzu4dn33twqwq2rz5cnem2srprlnn,INACTIVE,,,,,,,,,,,,,,,,,,,,,,,,,,,,,,
gonka167ez4nvjumd0rrk78awcvxawwmf505cwrvk5nq,ACTIVE,,,,,,,,,,,,,,,,,,,,,,,,,,,,,,
gonka168rtjfkszuhcggg4dfyse4yh7xn9zwfglnkns2,ACTIVE,,,,,,,,,,,,,,,,,,,,,,,,,,,,,,
gonka168yvlgt9jg86frg2z90cc8w4pz9hnd7f8lshux,INACTIVE,,,,,,,,,,,,,,,,,,,,,,,,,,,,,,
gonka169ms5ewh68ervhaxslul5cmfaavnt57nkmrvgt,INACTIVE,,,,,,,,,,,,,,,,,,,,,,,,,,,,,,
gonka16as27w5m0jtskdgxx6hyhhm6r3khechwcc6quw,INACTIVE,,,,,,,,,,,,,,,,,,,,,,,,,,,,,,
gonka16dqp2jfmnaahwxq5x7snn2h2ap026v5lwhr5m7,INACTIVE,,,,,,,,,,,,,,,,,,,,,,,,,,,,,,
gonka16k03ze5ynkprsd4n6e5uzhthvu9jjk553rauqy,ACTIVE,,,,,,,,,,,,,,,,,,,,,,,,,,,,,,
gonka16kc6rg5emg6n24pyu78a4m9p2q43tteppx4ee5,ACTIVE,,,,,,,,,,,,,,,,,,,,,,,,,,,,,,
gonka16lsgkqgz25fj53rtp9kgdafec37kth6nnf4an4,INACTIVE,,,,,,,,,,,,,,,,,,,,,,,,,,,,,,
gonka16p322ch887xjv67erm5dw0lgt4kqj9gz498pv7,ACTIVE,,,,,,,,,,,,,,,,,,,,,,,,,,,,,,
gonka16q0zaetd6hq6d8zj48ur0v967xrrwh566kcazc,INACTIVE,,,,,,,,,,,,,,,,,,,,,,,,,,,,,,
gonka16qm4h6qlv5q65cz6q4m4z4h252tzk55hfu0u6f,INACTIVE,,,,,,,,,,,,,,,,,,,,,,,,,,,,,,
gonka16r4kxszdpa6k7wakgt6wk6vus6txhqwqd5drkh,ACTIVE,,,,,,,,,,,,,,,,,,,,,,,,,,,,,,
gonka16rq8wlak0r4v9cdqs8sk3k4j28rxveyzn4eu4h,ACTIVE,,,,,,,,,,,,,,,,,,,,,,,,,,,,,,
gonka16s9lzz6z882l4lzhm6lh6p4xgsy7r4qlzlgq2u,INACTIVE,,,,,,,,,,,,,,,,,,,,,,,,,,,,,,
gonka16w7yu8apgeepr4xc44r6xq65nj2vxnykfcc0yy,INACTIVE,,,,,,,,,,,,,,,,,,,,,,,,,,,,,,
gonka174jxwp94lwgqr4nwlj5kke3z6fnat6p5dlg55x,INACTIVE,,,,,,,,,,,,,,,,,,,,,,,,,,,,,,
gonka1756ph2flj5y6kw5xqktfgwj3s2ct54ddz0jj0e,ACTIVE,,,,,,,,,,,,,,,,,,,,,,,,,,,,,,
gonka179g6jf5uulrufkhwlymsmwwu93r0j2qvpkdh53,INACTIVE,,,,,,,,,,,,,,,,,,,,,,,,,,,,,,
gonka17akw9frq5grupdh9fwtc4mym3fgcujf9esdmta,INACTIVE,,,,,,,,,,,,,,,,,,,,,,,,,,,,,,
gonka17cnuuvplky4ck8hwj8smh6he6tgq6su45r5v5y,INACTIVE,,,,,,,,,,,,,,,,,,,,,,,,,,,,,,
gonka17ef5hl0588tmjm9ypw7t2kge78wrkcpvyspc0p,INACTIVE,,,,,,,,,,,,,,,,,,,,,,,,,,,,,,
gonka17f3cgvf0xd5rpafaqeugyqece62ahef2nexa9g,INACTIVE,,,,,,,,,,,,,,,,,,,,,,,,,,,,,,
gonka17f97mtfja2d38q8vjw5vsx8w833398aymznrxm,ACTIVE,,,,,,,,,,,,,,,,,,,,,,,,,,,,,,
gonka17fc94j99063t6ullr6cgu02ps7kwut28f9ggpj,INACTIVE,,,,,,,,,,,,,,,,,,,,,,,,,,,,,,
gonka17fcahf38xh8ghzyyrc55tarz9nd0vw6xd29nsk,INACTIVE,,,,,,,,,,,,,,,,,,,,,,,,,,,,,,
gonka17gpuntq09zsaqtmpe544gc32tk4424dwv5t34f,ACTIVE,,,,,,,,,,,,,,,,,,,,,,,,,,,,,,
gonka17h7crvknkw8er5cuc43dgdp8eh974s5hahauuq,INACTIVE,,,,,,,,,,,,,,,,,,,,,,,,,,,,,,
gonka17njwpngllwv7hlgsdx2h7n0yxjjsqgth2lsy72,INACTIVE,,,,,,,,,,,,,,,,,,,,,,,,,,,,,,
gonka17pw6099q758qwzewtrqmqpf5c2lrhr97fwqexu,ACTIVE,,,,,,,,,,,,INVALID,,,,INVALID,,,,,,,,,,,,,,
gonka17py7gzq2pa75eu2z0wzp9kjum20zgxxk2jrxss,ACTIVE,,,,,,,,,,,,,,,,,,,,,,,,,,,,,,
gonka17sktsm7djnwla0txhlq3lpeekw3jz38y2shqj3,INACTIVE,,,,,,,,,,,,,,,,,,,,,,,,,,,,,,
gonka17tlh09e32xpv2uj433ytjnwwd8fh24jclpzm5s,INACTIVE,,,,,,,,,,,,,,,,,,,,,,,,,,,,,,
gonka17y2whumwxn6gmpwppg6q25947h82ev78w0kgup,ACTIVE,,,,,,,,,,,,,,,,,,,,,,,,,,,,,,
gonka1830lqug50lse998x2lakk4pj5ypfumz5pasz0y,INACTIVE,,,,,,,,,,,,,,,,,,,,,,,,,,,,,,
gonka183y38fjefqfgxafe05fw24rjtj4elzy84wxwdl,INACTIVE,,,,,,,,,,,,,,,,,,,,,,,,,,,,,,
gonka185kz5j9ur5jczu9wf2vful353vg3eahm77n39x,INACTIVE,,,,,,,,,,,,,,,,,,,,,,,,,,,,,,
gonka187tn9y92ur6tu0zf69u94hwl0q77m47y0k36hv,ACTIVE,,,,,,,,,,,,,,,,,,,,,,,,,,,,,,
gonka188c86f9mrlt4nlcg89f82nnfm9jzq9gtjafj50,INVALID,,,,,,,,,,,,,,,,,,,,,,,,,,,,,,INVALID
gonka188qynuf5zs5966vzlrf2q2tj7h7laa995vrxr3,INACTIVE,,,,,,,,,,,,,,,,,,,,,,,,,,,,,,
gonka1895n7u9np4s675vhksellqkpkqxk5xkv4upaxr,INACTIVE,,,,,,,,,,,,,,,,,,,,,,,,,,,,,,
gonka18a9dnx4u7z0jqf66l4uk6zgnhszhd4qs5u7447,ACTIVE,,,,,,,,,,,,,,,,,,,,,,,,,,,,,,
gonka18anrx4l59z34te42whq5nx3xy7ftlw0ka98lkx,ACTIVE,,,,,,,,,,,,,,,,,,,,,,,,,,,,,,
gonka18d032cycta26ussz94was3us7tlwcgh4gx75xp,INACTIVE,,,,,,,,,,,,,,,,,,,,,,,,,,,,,,
gonka18g789gnqf4990eel5dzgpx383t0fzdef6nmw2q,INACTIVE,,,,,,,,,,,,,,,,,,,,,,,,,,,,,,
gonka18hns0dspklh6r89nyeg8qaph4vhfkd63tl7a37,ACTIVE,,,,,,,,,,,,,,,,,,,,,,,,,,,,,,
gonka18jv6tlf26fekum8zxa5zmgnz7anqunkxddjaf9,INACTIVE,,,,,,,,,,,,,,,,,,,,,,,,,,,,,,
gonka18qpw36ctvuea4g4ygvhlquhefc9ckglffelm98,ACTIVE,,,,,,,,,,,,,,,,,,,,,,,,,,,,,,
gonka18tm9tu9rak460pjdpj6xvfeffk474h6xhgme3c,ACTIVE,,,,,,,,,,,,,,,,,,,,,,,,,,,,,,
gonka18wn7au6ezwnswn9jaqhjkf7wa9plrppd0ufz3p,INACTIVE,,,,,,,,,,,,,,,,,,,,,,,,,,,,,,
gonka18x3y80uu9s53lewvt0eu6tgc9rrvaht7yqzmw4,INACTIVE,,,,,,,,,,,,,,,,,,,,,,,,,,,,,,
gonka18xeqnspxpg2vncufnjne485rkaagwvz7whyn0d,ACTIVE,,,,,,,,,,,,,,,,,,,,,,,,,,,,,,
gonka18zmmjk9799qeu7s2cku5yh3ty6xayxds7n42gh,ACTIVE,,,,,,,,,,,,,,,,,,,,,,,,,,,,,,
gonka1975m3w08ywrc89aqcr9m8z6z70a38jf64vwte8,ACTIVE,,,,,,,,,,,,,,,,,,,,,,,,,,,,,,
gonka19akvnwa3dvw8zkthcm36vegvwmymkr3hxq0qve,ACTIVE,,,,,,,,,,,,,,,,,,,,,,,,,,,,,,
gonka19cjm4c5mt3j3qdr8vhytmm4hef3pnkvkm0x7m2,INACTIVE,,,,,,,,,,,,,,,,,,,,,,,,,,,,,,
gonka19dh0tamdjnhtccfdpmsnty3gxfpp0wkdusl0xr,ACTIVE,,,,,,,,,,,,,,,,,,,,,,,,,,,,,,
gonka19dqylqjzp4x04mkktz067l4exrcrg8g7777777,INACTIVE,,,,,,,,,,,,,,,,,,,,,,,,,,,,,,
gonka19f9hkpmjaldncsfly4j63sy932y8hughn4l3d8,ACTIVE,,,,,,,,,,,,,,,,,,,,,,,,,,,,,,
gonka19ghzvgfr065s3fr5awuvs3nhy9fq4n7wrr9kel,ACTIVE,,,,,,,,,,,,,,,,,,,,,,,,,,,,,,
gonka19gua58wyw5q5r2zqfnzj8srrftk4wy5kewszue,INACTIVE,,,,,,,,,,,,,,,,,,,,,,,,,,,,,,
gonka19kue8dlczfr0vl94tta3l9k5s08hwuu0zd5ewv,ACTIVE,,,,,,,,,,,,,,,,,,,,,,,,,,,,,,
gonka19pe5zksljpfjydt64xz5yv7jxsr3cn2tqt8k9r,INACTIVE,,,,,,,,,,,,,,,,,,,,,,,,,,,,,,
gonka19qkysq3adu5lrasgvgy7ecd78erz7jndye92jv,INACTIVE,,,,,,,,,,,,,,,,,,,,,,,,,,,,,,
gonka19qz97dxgwgfzedtf8yzwzy43quwlggmq33hnuw,ACTIVE,,,,,,,,,,,,,,,,,,,,,,,,,,,,,,
gonka19s3wpdecq3znh7gflv5xax06p96s2uv3qdrtup,ACTIVE,,,,,,,,,,,,,,,,,,,,,,,,,,,,,,
gonka19sftyj72xf8g4kulg7jngvfacw07a8yu0yrjrm,INACTIVE,,,,,,,,,,,,,,,,,,,,,,,,,,,,,,
gonka19teuc4q23h48m2ser9aqll9nactthfkcs9meke,INACTIVE,,,,,,,,,,,,,,,,,,,,,,,,,,,,,,
gonka19tq260hnd4y83q9m7nk6q5yc9xenesukvznak4,INACTIVE,,,,,,,,,,,,,,,,,,,,,,,,,,,,,,
gonka19u7w9jek8y5nj7qzssm3x6a8p2ukmrxrust6qs,INACTIVE,,,,,,,,,,,,,,,,,,,,,,,,,,,,,,
gonka19w0rclzvhpt0h9skdptfpaz5jw2t80ml2geuw9,INACTIVE,,,,,,,,,,,,,,,,,,,,,,,,,,,,,,
gonka19xy6zmvpu9x4cyhnuryd3c8c4q8t9v5guj3hzl,INACTIVE,,,,,,,,,,,,,,,,,,,,,,,,,,,,,,
gonka19zknn9ru6fypu7r35lctgqkgc5keusuw7qpdez,INACTIVE,,,,,,,,,,,,,,,,,,,,,,,,,,,,,,
gonka1a6jjdd2ufn7x5qpp56627pk40sneqwyl989444,INACTIVE,,,,,,,,,,,,,,,,,,,,,,,,,,,,,,
gonka1a8dz4xw9xwwe0s3myandm6t0v4kvwea7pwrsmq,ACTIVE,,,,,,,,,,,,,,,,,,,,,,,,,,,,,,
gonka1a8u5zzrmhhdz7hp4gk3lmpltrwq90ley2cn5ef,INACTIVE,,,,,,,,,,,,,,,,,,,,,,,,,,,,,,
gonka1aazyzjuywye4530acgjgw0stu4ydpt9hv4afut,ACTIVE,,,,,,,,,,,,,,,,,,,,,,,,,,,,,,
gonka1ad56r73l5z92x9f3qe7e52q0jckmg9ytmghp87,INACTIVE,,,,,,,,,,,,,,,,,,,,,,,,,,,,,,
gonka1ad7al35f74hdlwl5vzmqla4gg3zlajthqsyeva,INACTIVE,,,,,,,,,,,,,,,,,,,,,,,,,,,,,,
gonka1agm0r4kk6z26utxj4a5xqztgzq8pq0jqcc6yqk,INACTIVE,,,,,,,,,,,,,,,,,,,,,,,,,,,,,,
gonka1amlmhjym02shahjv8ldmupg4cx0qc66q6f85rj,ACTIVE,,,,,,,,,,,,,,,,,,,,,,,,,,,,,,
gonka1amqg6l5eshydfnhlyhncshducrfnrde58rsmrh,ACTIVE,,,,,,,,,,,,,,,,,,,,,,,,,,,,,,
gonka1at7qj6ynelhp9kc3mgkw94m8j6jhrfh8wxse4n,INACTIVE,,,,,,,,,,,,,,,,,,,,,,,,,,,,,,
gonka1au9qsemsqtng83kf3nfac38gqe0c0f9qslw750,INACTIVE,,,,,,,,,,,,,,,,,,,,,,,,,,,,,,
gonka1aumu6ctfvp6hdccmcvrhrz8ete926zleyhacr5,INACTIVE,,,,,,,,,,,,,,,,,,,,,,,,,,,,,,
gonka1awufch9x3slh9h9t3exa36r23rwjknswldce09,INACTIVE,,,,,,,,,,,,,,,,,,,,,,,,,,,,,,
gonka1ays6epuyqejjj0fxgj9lx9mxv42q3ac64y28sp,INACTIVE,,,,,,,,,,,,,,,,,,,,,,,,,,,,,,
gonka1c3jmrfkysvrlgv9av98wlyq4yed3x7uue0wvy2,INACTIVE,,,,,,,,,,,,,,,,,,,,,,,,,,,,,,
gonka1c6y9p4w87equy52va4us3qzycz9w28ua9693gl,ACTIVE,,,,,,,,,,,,,,,,,,,,,,,,,,,,,,
gonka1c7wr8u3j78dfd2jmymzq3c3a2gzx75g2s682dl,ACTIVE,,,,,,,,,,,,,,,,,,,,,,,,,,,,,,
gonka1ccdm8j6sjyhq4qask049dwgaczs7f3pxte6zmp,ACTIVE,,,,,,,,,,,,,,,,,,,,,,,,,,,,,,
gonka1cckj93kp9kegry64scpn4ew9965g3qrswyshl9,INACTIVE,,,,,,,,,,,,,,,,,,,,,,,,,,,,,,
gonka1cenhl8aucrr06z5wtprdpaxa0dutzt90rgkt99,ACTIVE,,,,,,,,,,,,,,,,,,,,,,,,,,,,,,
gonka1cfmrgwmxv9dh5knq2p4fehqpnudr4xm72gnpkm,ACTIVE,,,,,,,,,,,,,,,,,,,,,,,,,,,,,,
gonka1cgf6pmcnkf54rctpgzpx6j32zeut8udm0rr8rf,INACTIVE,,,,,,,,,,,,,,,,,,,,,,,,,,,,,,
gonka1cldfsqjcch9w892eumdhc5ru80psjt6jck0tg4,ACTIVE,,,,,,,,,,,,,,,,,,,,,,,,,,,,,,
gonka1cp45adu29a93qp8fwqn9sqt2hyqkl8qc5hty58,INACTIVE,,,,,,,,,,,,,,,,,,,,,,,,,,,,,,
gonka1cpm8uguw5f3vyl3gz7537e3mln47uyzyld57g3,INACTIVE,,,,,,,,,,,,,,,,,,,,,,,,,,,,,,
gonka1crldgzq22fly44ek58rq900ef48usac8f3hpxd,INACTIVE,,,,,,,,,,,,,,,,,,,,,,,,,,,,,,
gonka1cur9xf76n8gvgvw608r3kaxfeamyafpw5wkc99,INACTIVE,,,,,,,,,,,,,,,,,,,,,,,,,,,,,,
gonka1cw76rlm0ewnj7d90fvgyp37rav9dv5hm3mvy3x,ACTIVE,,,,,,,,,,,,,,,,,,,,,,,,,,,,,,
gonka1cy5x2c2zq4s9zq5r2xz609j63mprpc9tdz8drr,INACTIVE,,,,,,,,,,,,,,,,,,,,,,,,,,,,,,
gonka1d5nh80xxh7fkf0hmqlxqfq6vls8cq3j0fgg8f3,INACTIVE,,,,,,,,,,,,,,,,,,,,,,,,,,,,,,
gonka1d694r00czmq75txghwjcuk07lxvc8d4ekgsha0,ACTIVE,,,,,,,,,,,,,,,,,,,,,,,,,,,,,,
gonka1d7p03cu2y2yt3vytq9wlfm6tlz0lfhlgv9h82p,ACTIVE,,,,,,,,,,,,,,,,,,,,,,,,,,,,,,
gonka1dc645alkwumpj3fuhxg4xu6hc255w3q5s9p3rs,INACTIVE,,,,,,,,,,,,,,,,,,,,,,,,,,,,,,
gonka1ddhzyd0xlhqnzp05apu26s3ay6mn4mlzll5mjz,INACTIVE,,,,,,,,,,,,,,,,,,,,,,,,,,,,,,
gonka1dg6s2c2mrwg972xs7309nh57t7q98hqv99jew8,INACTIVE,,,,,,,,,,,,,,,,,,,,,,,,,,,,,,
gonka1dg7tym5xfd6rt0mnujqcgsdjtdarhtz6pnrvse,INACTIVE,,,,,,,,,,,,,,,,,,,,,,,,,,,,,,
gonka1dgkg50vnkj7yf4d2vctekt0ng5zq0xpguy3n2u,INACTIVE,,,,,,,,,,,,,,,,,,,,,,,,,,,,,,
gonka1dhn7hjn6udpyv6gkhfulnalufv4947a4e9kyne,INACTIVE,,,,,,,,,,,,,,,,,,,,,,,,,,,,,,
gonka1djk2tqcjsqqd56rfz4p5lmpwwug297zs8ygmx3,INACTIVE,,,,,,,,,,,,,,,,,,,,,,,,,,,,,,
gonka1dkl4mah5erqggvhqkpc8j3qs5tyuetgdy552cp,ACTIVE,,,,,,,,,,,,,,,,,,,,,,,,,,,,,,
gonka1dpee7kv4dwlmu9nr3skv488lxuhwsy3x70h0uq,ACTIVE,,,,,,,,,,,,,,,,,,,,,,,,,,,,,,
gonka1dpt9zx2dqcky6yjjwrd8xz2w7lq6vffy9mhvgs,INACTIVE,,,,,,,,,,,,,,,,,,,,,,,,,,,,,,
gonka1dtnru3j85vee0vm20vkvd256nfd9t7jzuvnd27,INACTIVE,,,,,,,,,,,,,,,,,,,,,,,,,,,,,,
gonka1dutrpxzkvnjqt75yqwlszkeegujsuprdu9vr8g,INACTIVE,,,,,,,,,,,,,,,,,,,,,,,,,,,,,,
gonka1dzdmx5ljrwkelrmgd7suv2q43epn293qacpgqn,INVALID,,,,,,,,,,,,,,,,,,,,,,,,,,,,,INVALID,INVALID
gonka1e38cgywjkf4hejnf9utmpguq3qug0s5rd45kqm,ACTIVE,,,,,,,,,,,,,,,,,,,,,,,,,,,,,,
gonka1e94a7r2tn3n8ewa3mha3vjnq2dkvgt5stfqgqg,ACTIVE,,,,,,,,,,,,,,,,,,,,,,,,,,,,,,
gonka1ea8zl02zfvpxlpgdpywky9za5yy0ufy7htrwqz,INACTIVE,,,,,,,,,,,,,,,,,,,,,,,,,,,,,,
gonka1eaf9r3qqnweqx23z0ahh77legtv2gnk3wwdwl2,INACTIVE,,,,,,,,,,,,,,,,,,,,,,,,,,,,,,
gonka1eazh84v0e60s9m7exxp3nsadcfgvnsthgypjvl,ACTIVE,,,,,,,,,,,,,,,,,,,,,,,,,,,,,,
gonka1ecercvenlsnghx4yakvdpdq2mantyh5ythhn29,ACTIVE,,,,,,,,,,,,,,,,,,,,,,,,,,,,,,
gonka1edyd5lny4esrc35f6egjukmnfseyyyj4vn54mc,INACTIVE,,,,,,,,,,,,,,,,,,,,,,,,,,,,,,
gonka1ek6mqw0g0jzee3gexx70nepqw86dxmknur6f42,INACTIVE,,,,,,,,,,,,,,,,,,,,,,,,,,,,,,
gonka1ekdjk6vfnsnn4dr8fsdeyjtg5g3c0wyp4z3ett,INACTIVE,,,,,,,,,,,,,,,,,,,,,,,,,,,,,,
gonka1elw9xd79mpsrt7jqwkweg6yv02nvda49xhcej2,INACTIVE,,,,,,,,,,,,,,,,,,,,,,,,,,,,,,
gonka1eq8ptvu4mecxkdc7gj0eqzxp4ysjnz6f8ez43c,ACTIVE,,,,,,,,,,,,,,,,,,,,,,,,,,,,,,
gonka1eqjpx0k806kcu8tjr64zlswk9vkznsstyeq0j8,INACTIVE,,,,,,,,,,,,,,,,,,,,,,,,,,,,,,
gonka1eraz23djhwe6aenduvgjxl8jjgwj9mfjr77v9g,INACTIVE,,,,,,,,,,,,,,,,,,,,,,,,,,,,,,
gonka1f0u3y2wneer8zhz3ypw4x54h38cpa0qsy8ts3e,ACTIVE,,,,,,,,,,,,,,,,,,,,,,,,,,,,,,
gonka1f7uwyhetekfar5h5q7vtatne28futuffypde4j,ACTIVE,,,,,,,,,,,,,,,,,,,,,,,,,,,,,,
gonka1famtxh54kad6ylwtm60j6d7h6unpc08d4vdqnk,ACTIVE,,,,,,,,,,,,,,,,,,,,,,,,,,,,,INVALID,
gonka1fc9tzt83dgrqswlgay4668cuqjrk7zsqks2vm2,ACTIVE,,,,,,,,,,,,,,,,,,,,,,,,,,,,,,
gonka1fh58x94xd6rdqz599svj9ftdt9rckg6ggxvn3p,INACTIVE,,,,,,,,,,,,,,,,,,,,,,,,,,,,,,
gonka1fkrsesmn2hdj30fhwyam6h4f2e77un36xalhvl,ACTIVE,,,,,,,,,,,,,,,,,,,,,,,,,,,,,,
gonka1fmknkdk4skzpdzzrqnye3uxzsezf4csnala8r8,INACTIVE,,,,,,,,,,,,,,,,,,,,,,,,,,,,,,
gonka1fnwznrjccpukhe3u5dnqqnr02nhr5hq89jhghs,INACTIVE,,,,,,,,,,,,,,,,,,,,,,,,,,,,,,
gonka1fp8zl07qccdzuekns2q55jgmcag40kjrm8z0z9,INACTIVE,,,,,,,,,,,,,,,,,,,,,,,,,,,,,,
gonka1fwjwxw6cvspwautdrhr2jf4mfayy074t5npwnx,INACTIVE,,,,,,,,,,,,,,,,,,,,,,,,,,,,,,
gonka1fwum8860xfxfqghem7npn643ppftsfevwply74,INACTIVE,,,,,,,,,,,,,,,,,,,,,,,,,,,,,,
gonka1fwyt5sz43zs3hc8k0r5cgquvss9d6aa2975pfw,INACTIVE,,,,,,,,,,,,,,,,,,,,,,,,,,,,,,
gonka1fy86zl25jft206rx0j63km5ru2cn3e7t80zzu8,INACTIVE,,,,,,,,,,,,,,,,,,,,,,,,,,,,,,
gonka1fyu654mhgdq2fwns2mupuzdtzxjy3k7jwew4rl,INACTIVE,,,,,,,,,,,,,,,,,,,,,,,,,,,,,,
gonka1g58w4wu7yyla55vfmhm96v9jheyetnxr02jzz7,INACTIVE,,,,,,,,,,,,,,,,,,,,,,,,,,,,,,
gonka1g99cz2zdgalleuzhwa6h3yxf5k7khjwxg423ms,ACTIVE,,,,,,,,,,,,,,,,,,,,,,,,,,,,,,
gonka1g9n5yek0sk84qpx0lwc7hq6p3v2fqr5ggml3gg,INACTIVE,,,,,,,,,,,,,,,,,,,,,,,,,,,,,,
gonka1g9vvr2ynjjuf2etlzg6h22dxuxkl3zphrury58,INACTIVE,,,,,,,,,,,,,,,,,,,,,,,,,,,,,,
gonka1ge9amk4ymld27d35akj3ky9uph4gyz6rdpepjj,INACTIVE,,,,,,,,,,,,,,,,,,,,,,,,,,,,,,
gonka1gjuagf8hw0skzwhekxxhccy6zy4g3qxal5ynku,INACTIVE,,,,,,,,,,,,,,,,,,,,,,,,,,,,,,
gonka1grj4l6fr9uqj43tqqe6m4st7a6zwam8rznzryy,INACTIVE,,,,,,,,,,,,,,,,,,,,,,,,,,,,,,
gonka1gsnlch7sav73dxearvt7ylh3qcq3fdurad72za,INACTIVE,,,,,,,,,,,,,,,,,,,,,,,,,,,,,,
gonka1gt0406jz45mjt0jujqtfd3m9lcyah93t0wj084,ACTIVE,,,,,,,,,,,,,,,,,,,,,,,,,,,,,,
gonka1gum47e5sn43ughhktw5a46f7rc6cs2s08tpl69,INACTIVE,,,,,,,,,,,,,,,,,,,,,,,,,,,,,,
gonka1gxk3xjg43ryaht8ze0395m7ph4879gmsfd5emu,INACTIVE,,,,,,,,,,,,,,,,,,,,,,,,,,,,,,
gonka1gxue6uufgvh6dgjexqvsv7ph99k8wkatafymqw,INACTIVE,,,,,,,,,,,,,,,,,,,,,,,,,,,,,,
gonka1gyk0aahvr3qeju4zx0nplfreej6cy4jjk8svc5,ACTIVE,,,,,,,,,,,,,,,,,,,,,,,,,,,,,,
gonka1gyydhl9lp0udz3409ps0c0lk0y4ft8qcyv8tfq,ACTIVE,,,,,,,,,,,,,,,,,,,,,,,,,,,,,,
gonka1gz76l4rtf7rkg6fuhnyuq2w3letq9687pqznwy,ACTIVE,,,,,,,,,,,,,,,,,,,,,,,,,,,,,,
gonka1h2c3mkxq4xej7dmsp5hcva8msn78v07xuqhl90,INACTIVE,,,,,,,,,,,,,,,,,,,,,,,,,,,,,,
gonka1h3s37p0l23mg6ak9h9nmayh6r9f2vm6umj3qet,ACTIVE,,,,,,,,,,,,,,,,,,,,,,,,,,,,,,
gonka1h4e7j4h5jy8dac8sjqke2pckvv6eva5ec2v0jv,INACTIVE,,,,,,,,,,,,,,,,,,,,,,,,,,,,,,
gonka1h796gh5vnp0l3k0klvzk9rw9240223njss8g5y,ACTIVE,,,,,,,,,,,,,,,,,,,,,,,,,,,,,,
gonka1h82jwcefsu9ur3yfj97593tlyve2jes89kyqg4,INACTIVE,,,,,,,,,,,,,,,,,,,,,,,,,,,,,,
gonka1h8fmjrpth99xt8ee0wrdljfg7fpvquc9d4et0d,INACTIVE,,,,,,,,,,,,,,,,,,,,,,,,,,,,,,
gonka1ha7fpwwu9st0wgyyz9ahd3xchk05nx7mtj4ng8,INACTIVE,,,,,,,,,,,,,,,,,,,,,,,,,,,,,,
gonka1hatmw3tnlskh6jzkc8ds2yxvlpmrvhrz8pgx0c,INACTIVE,,,,,,,,,,,,,,,,,,,,,,,,,,,,,,
gonka1hdm8wlf8e07e692ezay5g8qyemks4242g7kr9d,INACTIVE,,,,,,,,,,,,,,,,,,,,,,,,,,,,,,
gonka1hfd9kme7tpe73lk7e9pgu3r6cmgtc5z60774uz,INACTIVE,,,,,,,,,,,,,,,,,,,,,,,,,,,,,,
gonka1hhtht6rssq5hy22r7kyrrtkglvslxtkqt5yau8,INACTIVE,,,,,,,,,,,,,,,,,,,,,,,,,,,,,,
gonka1hhzgyxf2t55xkdk0t8m6rpaee8pda6h0y5qdn8,INACTIVE,,,,,,,,,,,,,,,,,,,,,,,,,,,,,,
gonka1hkccmh2jc7c8wfs5ydtelx8x6m5957ae200dre,INACTIVE,,,,,,,,,,,,,,,,,,,,,,,,,,,,,,
gonka1hm88eu8qkqc3z7kgmcrp6zf0mmeen08ac4xc6v,INACTIVE,,,,,,,,,,,,,,,,,,,,,,,,,,,,,,
gonka1hmj9lrcxt9zds40uq94gga2ps7t7x75eky6cvq,INACTIVE,,,,,,,,,,,,,,,,,,,,,,,,,,,,,,
gonka1hwvel7n3zuk6wruefuzc356l9myske9stckwnz,ACTIVE,,,,,,,,,,,,,,,,,,,,,,,,,,,,,,
gonka1hytku6t3cfd7wppyrjvu357jjqpsgsw6wcprcy,INACTIVE,,,,,,,,,,,,,,,,,,,,,,,,,,,,,,
gonka1j00xqejcnl7gr3rdfgtxayaertsnrzksntz6ps,INACTIVE,,,,,,,,,,,,,,,,,,,,,,,,,,,,,,
gonka1j62evzhlg556krdfhynpduchyl0px8qga8wfut,INACTIVE,,,,,,,,,,,,,,,,,,,,,,,,,,,,,,
gonka1j8l7fcxqxakp2py7jcgh27ccgxaze7krscxfe5,ACTIVE,,,,,,,,,,,,,,,,,,,,,,,,,,,,,,
gonka1jawqmq4lmu8fadddrt0mejfxu5lkrdc02fwuzm,INACTIVE,,,,,,,,,,,,,,,,,,,,,,,,,,,,,,
gonka1jcelp2ad2x0jf2vnyhkhd6wquug0zpd09sxxw4,ACTIVE,,,,,,,,,,,,,,,,,,,,,,,,,,,,,,
gonka1jcut7ms9l432y90exzpfz5835p04lrzpndtdfl,INACTIVE,,,,,,,,,,,,,,,,,,,,,,,,,,,,,,
gonka1jcxsgcnctv69xd9v35qy45m45pg3wwhn0f8pl2,INACTIVE,,,,,,,,,,,,,,,,,,,,,,,,,,,,,,
gonka1jfr0hq4k5lfzu7h2qsvh8dppard9t7lndsrngp,INACTIVE,,,,,,,,,,,,,,,,,,,,,,,,,,,,,,
gonka1jfs2xqkykvlpgfahslqpljr5sxcekw7s8kutvl,INACTIVE,,,,,,,,,,,,,,,,,,,,,,,,,,,,,,
gonka1jjredx8nvy86dcae5fhpvge0kmamdxx2h7dr9h,INACTIVE,,,,,,,,,,,,,,,,,,,,,,,,,,,,,,
gonka1jltjehxsnum94nt8c00ts7khmpy4lafv6gryzk,ACTIVE,,,,,,,,,,,,,,,,,,,,,,,,,,,,,,
gonka1jpg0ct9h272lefy99w4sgd2ul9ukvzwhfanvn0,INACTIVE,,,,,,,,,,,,,,,,,,,,,,,,,,,,,,
gonka1jpxayv4ef6c5z4wn9mxqsla0zkcwu5tq2536sw,INACTIVE,,,,,,,,,,,,,,,,,,,,,,,,,,,,,,
gonka1jqwrpyqn34jx0ermlus46f87epayqxtakhyu5u,ACTIVE,,,,,,,,,,,,,,,,,,,,,,,,,,,,,,
gonka1jr3644x2p5j90yl3jpyuvfrp28l37vpvkjq2yx,INACTIVE,,,,,,,,,,,,,,,,,,,,,,,,,,,,,,
gonka1juyynkna0cwjg4xjlzuw62lk0u0jwnhuqegdkh,ACTIVE,,,,,,,,,,,,,,,,,,,,,,,,,,,,,,
gonka1jv4fcx2gtuj4ejwnng4phugfclgjmhvg9d9cvz,INACTIVE,,,,,,,,,,,,,,,,,,,,,,,,,,,,,,
gonka1jvmumx6rwyq302m6y6z5hdkc4cgu845mcgjwud,INACTIVE,,,,,,,,,,,,,,,,,,,,,,,,,,,,,,
gonka1jxtdrqyjc52j7wm2h4ec8g7enjz9r3qjy2hn8g,INACTIVE,,,,,,,,,,,,,,,,,,,,,,,,,,,,,,
gonka1k2dvwkg22kqmgh0s6xt8xuk4s4ak0k4py05cyr,INACTIVE,,,,,,,,,,,,,,,,,,,,,,,,,,,,,,
gonka1k4ufjpu9h79zy4hdtly8dcgyfkjmeunqtk3k9e,ACTIVE,,,,,,,,,,,,,,,,,,,,,,,,,,,,,,
gonka1k5cycfsyhqk8txq95gtfffhpg20h6vlk84tdhv,ACTIVE,,,,,,,,,,,,,,,,,,,,,,,,,,,,,,
gonka1k6p754pyhxud2399knyccgjpjvdafj2u9xlgyf,ACTIVE,,,,,,,,,,,,,,,,,,,,,,,,,,,,,,
gonka1k8emnxc8ex8qa47h9l5y0dxprxen0hhqlnexwy,INACTIVE,,,,,,,,,,,,,,,,,,,,,,,,,,,,,,
gonka1k9wr42jrdudvxsrdrgnxqaxcchrwy2ss84ha7t,INACTIVE,,,,,,,,,,,,,,,,,,,,,,,,,,,,,,
gonka1kadhltjszhue262r7z7khldv90ru8cvy42zv29,INACTIVE,,,,,,,,,,,,,,,,,,,,,,,,,,,,,,
gonka1kdmstpljv33v8lz457lmj8f9g995l7ygwm460s,ACTIVE,,,,,,,,,,,,,,,,,,,,,,,,,,,,,,
gonka1ksvye76z43mrtjpdkh3krm579clamh9yh2ytn8,INACTIVE,,,,,,,,,,,,,,,,,,,,,,,,,,,,,,
gonka1kth9pyyalm0u0wfc7dwdwnsntaer9gmfntlgq9,INACTIVE,,,,,,,,,,,,,,,,,,,,,,,,,,,,,,
gonka1kwqlf3mrlv4zg79ffuuq3uxesa22fkdfmfr9gq,ACTIVE,,,,,,,,,,,,,,,,,,,,,,,,,,,,,,
gonka1kx9mca3xm8u8ypzfuhmxey66u0ufxhs7nm6wc5,ACTIVE,,,,,,,,,,,,,,,,,,,,,,,,,,,,,,
gonka1kyft3snetrh9fnetvwrzt4fr5dwm5szl9sx9hq,INACTIVE,,,,,,,,,,,,,,,,,,,,,,,,,,,,,,
gonka1kyl5le4t0k9dftmu5lj0xqp0dx52dyvn0rtr8y,ACTIVE,,,,,,,,,,,,,,,,,,,,,,,,,,,,,,
gonka1kyrhxw6frcjk4hh8rdeswxftwxuxwgphxnk8kk,INACTIVE,,,,,,,,,,,,,,,,,,,,,,,,,,,,,,
gonka1kysyccuws3hl7ul2e9kfftanevvsskf5jtjfr2,INACTIVE,,,,,,,,,,,,,,,,,,,,,,,,,,,,,,
gonka1l0enytn32rklk95dxrdt3v39hktxdw79trvgj5,ACTIVE,,,,,,,,,,,,,,,,,,,,,,,,,,,,,,
gonka1l0qv64xdu3dk2zzm5vk97j0drcmkus95u50gqk,ACTIVE,,,,,,,,,,,,,,,,,,,,,,,,,,,,,,
gonka1l279mvj0rgkr5gkrtkdfeetmf602lkfvkf038j,INACTIVE,,,,,,,,,,,,,,,,,,,,,,,,,,,,,,
gonka1l2pu0eqvsah7ap5hy6rdn6dxse37wy6cy4k2ef,INACTIVE,,,,,,,,,,,,,,,,,,,,,,,,,,,,,,
gonka1l3f79kphpczsw4cz357cxue98gjpcuyxrczh8e,INACTIVE,,,,,,,,,,,,,,,,,,,,,,,,,,,,,,
gonka1l3f9ze5n0fdwyaz4r9faeujhhx7szc53p9gclf,ACTIVE,,,,,,,,,,,,,,,,,,,,,,,,,,,,,,
gonka1l6pp6p5hgaa69rj0eazn73f7gkawue94fq5v9g,ACTIVE,,,,,,,,,,,,,,,,,,,,,,,,,,,,,,
gonka1l7p83akwkcxtksnwve23x5wp47zammznm4qus8,INACTIVE,,,,,,,,,,,,,,,,,,,,,,,,,,,,,,
gonka1lc3a4lshfj5a7axh5w78edv8lc33hyyjef5692,ACTIVE,,,,,,,,,,,,,,,,,,,,,,,,,,,,,,
gonka1lh0danzlvxm5qtaly7myqd3n5sus0fq92n8shx,ACTIVE,,,,,,,,,,,,,,,,,,,,,,,,,,,,,,
gonka1llgg3kvg9sc6xz09jtkcrucrppxgn78xe4xlv0,INACTIVE,,,,,,,,,,,,,,,,,,,,,,,,,,,,,,
gonka1llxvtg0657ldmqn4l3t0ag496ff355j5kawagy,INACTIVE,,,,,,,,,,,,,,,,,,,,,,,,,,,,,,
gonka1lmcyrg9fh0lj7spq2ra4kduttf86ede5xlrmay,INACTIVE,,,,,,,,,,,,,,,,,,,,,,,,,,,,,,
gonka1lmppztny6yhjcshlh5jd7484lms0hxvjpe8ytu,INACTIVE,,,,,,,,,,,,,,,,,,,,,,,,,,,,,,
gonka1lr9mj6dgkv0h76c8y8w0l3esztyg9v2q8d6d8d,INACTIVE,,,,,,,,,,,,,,,,,,,,,,,,,,,,,,
gonka1lswsj2x7u4606wqpunmm07skgf76r3dyz4v0d8,INACTIVE,,,,,,,,,,,,,,,,,,,,,,,,,,,,,,
gonka1ltv80h8740pc8u4jj7fqwvt8d4rnw3nkc4shaa,ACTIVE,,,,,,,,,,,,,,,,,,,,,,,,,,,,,,
gonka1lv34hh600uye40wjjq9fspqwernyjqjuz92w8f,INACTIVE,,,,,,,,,,,,,,,,,,,,,,,,,,,,,,
gonka1lvmvyuv982ev45srx4yzj8xa4kk63n4ecswq07,ACTIVE,,,,,,,,,,,,,,,,,,,,,,,,,,,,,,
gonka1lwl6qhrdqw43sqc2y4eclfrngf799rnm7mmx87,ACTIVE,,,,,,,,,,,,,,,,,,,,,,,,,,,,,,
gonka1lyc347ysjruw7hvvejekqwu0y62cq0898dzarl,ACTIVE,,,,,,,,,,,,,,,,,,,,,,,,,,,,,,
gonka1lytyjw8afhhkde7fq5lt5ap5dtgpldg69ed2jn,INACTIVE,,,,,,,,,,,,,,,,,,,,,,,,,,,,,,
gonka1m09t38h8fy20qx6896ht450j8rfmtdel6tq93x,INACTIVE,,,,,,,,,,,,,,,,,,,,,,,,,,,,,,
gonka1m27e6qup7q8jmvnrn29kahd7vlx6r4l84z4thz,INACTIVE,,,,,,,,,,,,,,,,,,,,,,,,,,,,,,
gonka1m3nnusrecvld0jwueulywqwq0wa0tp7uav2n39,INACTIVE,,,,,,,,,,,,,,,,,,,,,,,,,,,,,,
gonka1m4hsj08wgcjnwdjlnssed0tr4umralj6p5lfsf,ACTIVE,,,,,,,,,,,,,,,,,,,,,,,,,,,,,,
gonka1m8f37e29m7lpvycx5u9dzxp89lzqu2ghfhumw4,ACTIVE,,,,,,,,,,,,,,,,,,,,,,,,,,,,,,
gonka1m9sf2rpg635efaw59djqlxkqew9sxvmqd6g343,ACTIVE,,,,,,,,,,,,,,,,,,,,,,,,,,,,,,
gonka1mdy7nlecw4xaqdxmeh3qlqzakg9ftge9szfqgg,INACTIVE,,,,,,,,,,,,,,,,,,,,,,,,,,,,,,
gonka1mf3w6hjc3y56tk85zqqgj25rxmp6wuv0vr74d7,INACTIVE,,,,,,,,,,,,,,,,,,,,,,,,,,,,,,
gonka1mgu675kpx9fxftcs80x7sn4tdxcsqfnhes5j88,INACTIVE,,,,,,,,,,,,,,,,,,,,,,,,,,,,,,
gonka1mhhq8ky8czhny7wk3sk9uquwn43twd4emksh3e,INACTIVE,,,,,,,,,,,,,,,,,,,,,,,,,,,,,,
gonka1mjcyendh6mej6w6s2xymklpenn6ggw46l78esp,INACTIVE,,,,,,,,,,,,,,,,,,,,,,,,,,,,,,
gonka1mjk8kvkr34vm974s0hmjuanrzv8y4fj3r8fjjm,INACTIVE,,,,,,,,,,,,,,,,,,,,,,,,,,,,,,
gonka1mkdgh784u7la8fpexnge9wqhdw65al67f9e2k3,INACTIVE,,,,,,,,,,,,,,,,,,,,,,,,,,,,,,
gonka1mkwqr346yy5ag0x450hht9ndl2wqhuzrfz0fd7,INACTIVE,,,,,,,,,,,,,,,,,,,,,,,,,,,,,,
gonka1mmlyd5xxu5l68yx8wzclrkxkxvm88mhq5tp5s0,ACTIVE,,,,,,,,,,,,,,,,,,,,,,,,,,,,,,
gonka1mt6fz28j7rls3psgspaq0xhj862wlklgcat6am,INACTIVE,,,,,,,,,,,,,,,,,,,,,,,,,,,,,,
gonka1mu29dgr7yx6l3x46c535p2aymzp0hns2fpz5e3,INACTIVE,,,,,,,,,,,,,,,,,,,,,,,,,,,,,,
gonka1munn8sdj4waj0c34cm273vqukkn6kflrnr6s8v,INACTIVE,,,,,,,,,,,,,,,,,,,,,,,,,,,,,,
gonka1my88wstqm2e795srgpxzat60z5hy0p7a85ytpk,INACTIVE,,,,,,,,,,,,,,,,,,,,,,,,,,,,,,
gonka1myu058axjs62mc3e7na9krwvqpfl9z3gtcw9es,ACTIVE,,,,,,,,,,,,,,,,,,,,,,,,,,,,,,
gonka1n57qkc9umnqu4whuy7rse9gx09f9m470wq9f2u,INACTIVE,,,,,,,,,,,,,,,,,,,,,,,,,,,,,,
gonka1n6dhkcn2ek5yy948y487nj52hyp4mcvpxjjqed,INACTIVE,,,,,,,,,,,,,,,,,,,,,,,,,,,,,,
gonka1n8sczgy8379gqx0z4xuwrv7g50tcml6r9whkxa,INACTIVE,,,,,,,,,,,,,,,,,,,,,,,,,,,,,,
gonka1nfz6dszuzcewxaukt7t6natedpdjptf9r7uxwg,INACTIVE,,,,,,,,,,,,,,,,,,,,,,,,,,,,,,
gonka1nhsw6z4z4vevzzyrdkq2fxfgn8dypuudjvangc,INACTIVE,,,,,,,,,,,,,,,,,,,,,,,,,,,,,,
gonka1nkzdygk3g2p2usnueuqxyep3462350hgzxs86s,ACTIVE,,,,,,,,,,,,,,,,,,,,,,,,,,,,,,
gonka1nplx25jwgvg072v4a408vs4xcevceumd04khx5,INACTIVE,,,,,,,,,,,,,,,,,,,,,,,,,,,,,,
gonka1nvvrc06zpk7cwmrekehlr8yqw4mgdfq94dc4ay,INACTIVE,,,,,,,,,,,,,,,,,,,,,,,,,,,,,,
gonka1nykx6u9qklnq7nkqm0px2nwthu4hzfkhejcrze,INACTIVE,,,,,,,,,,,,,,,,,,,,,,,,,,,,,,
gonka1p2hqmt2lxgw5ctdlt6valanxxqsmtf73g27mpg,INACTIVE,,,,,,,,,,,,,,,,,,,,,,,,,,,,,,
gonka1p2lhgng7tcqju7emk989s5fpdr7k2c3ek6h26m,ACTIVE,,,,,,,,,,,,,,,,,,,,,,,,,,,,,,
gonka1p3hklp6flhdffdkwr70azcsum77fha3ecqwgg0,INACTIVE,,,,,,,,,,,,,,,,,,,,,,,,,,,,,,
gonka1p45pgtzjtjaq0nqxm0a6dstyeqa3lx5dpx253k,INACTIVE,,,,,,,,,,,,,,,,,,,,,,,,,,,,,,
gonka1p60lruhxmwcsa9taa28cp4k4f6kv2kvyu5h5ep,INACTIVE,,,,,,,,,,,,,,,,,,,,,,,,,,,,,,
gonka1p7ze99aywsyudnn38wrxjsgzhmcu64swe9zmua,INACTIVE,,,,,,,,,,,,,,,,,,,,,,,,,,,,,,
gonka1p92n7yphf8eqcygcwkpvgggt7d9ql69mchllcr,INACTIVE,,,,,,,,,,,,,,,,,,,,,,,,,,,,,,
gonka1pa6xam0gh4hccrsunf9nmervcqt3pe5z9l3xrl,INACTIVE,,,,,,,,,,,,,,,,,,,,,,,,,,,,,,
gonka1pcu4wfdv2jtpfsnhgjk4zp7d46z47928xj73st,ACTIVE,,,,,,,,,,,,,,,,,,,,,,,,,,,,,,
gonka1pgn9v9studsuhud80h8hphdq8nzxf4380vm7jy,INACTIVE,,,,,,,,,,,,,,,,,,,,,,,,,,,,,,
gonka1pjpkm3plwgr3h7jemjxtvfeqypnzemussthdvz,INACTIVE,,,,,,,,,,,,,,,,,,,,,,,,,,,,,,
gonka1pllyukkeymx3hfd9mts3pryr9y6efs9eshty87,ACTIVE,,,,,,,,,,,,,,,,,,,,,,,,,,,,,,
gonka1psgzz288a434dv6863ldd73xma70zw7387muj2,INACTIVE,,,,,,,,,,,,,,,,,,,,,,,,,,,,,,
gonka1psznjawqr5m4dashm90wp46aq047twrxeel6qe,ACTIVE,,,,,,,,,,,,,,,,,,,,,,,,,,,,,,
gonka1pu7h5ntzt94ptwr5y5nctfjvpfd0hclqspcryl,INACTIVE,,,,,,,,,,,,,,,,,,,,,,,,,,,,,,
gonka1pucvx8mx0nux5gcd2wgfyg9mwkaaqaqplw674l,INACTIVE,,,,,,,,,,,,,,,,,,,,,,,,,,,,,,
gonka1puuuug080fa7p3kpdvwq624ufnxe4vqg8yd62f,INACTIVE,,,,,,,,,,,,,,,,,,,,,,,,,,,,,,
gonka1pvkv59e72vju2h7s9j3ex62c5xneqey350vpwn,ACTIVE,,,,,,,,,,,,,,,,,,,,,,,,,,,,,,
gonka1q5n2dyavs267z64kdljw4u8wy9y6a45sk020pu,INACTIVE,,,,,,,,,,,,,,,,,,,,,,,,,,,,,,
gonka1q5xt54wncgzk7dxv9x64uln68455g83wu9tugg,INACTIVE,,,,,,,,,,,,,,,,,,,,,,,,,,,,,,
gonka1q6h4shel59yz6hqshz3ncdtegulj9840nzzyxs,INACTIVE,,,,,,,,,,,,,,,,,,,,,,,,,,,,,,
gonka1qfvwhm2cpz8y6ekvnqacmlgqhhjvws8ptkcygn,ACTIVE,,,,,,,,,,,,,,,,,,,,,,,,,,,,,,
gonka1qkwzxe3hwrghhmgek5kvnyhyaw9akkc8mfwsaa,INACTIVE,,,,,,,,,,,,,,,,,,,,,,,,,,,,,,
gonka1ql9asemklpkpr2d4mh33xw5gj0g5tm0v98c5q3,ACTIVE,,,,,,,,,,,,,,,,,,,,,,,,,,,,,,
gonka1qlc7kpa3lm8fz0muw54unkwxd8rwt509y5jydd,INACTIVE,,,,,,,,,,,,,,,,,,,,,,,,,,,,,,
gonka1qlwcwa7nppc0ng5qccwm3g0t0knkf5nmr036vc,INACTIVE,,,,,,,,,,,,,,,,,,,,,,,,,,,,,,
gonka1qp9pyg45lagg2gnpt83ryp05emlekp95jgzdja,INACTIVE,,,,,,,,,,,,,,,,,,,,,,,,,,,,,,
gonka1qsuduuah26qpym3te4tr6u8lh3hmecaxn9j7te,INACTIVE,,,,,,,,,,,,,,,,,,,,,,,,,,,,,,
gonka1qswp63txcftfdcgcle4lshkly0nmmlfr9ecj8r,INACTIVE,,,,,,,,,,,,,,,,,,,,,,,,,,,,,,
gonka1qu9mna5xlvlnw9455ygtjq92wuzkzm237w8l08,ACTIVE,,,,,,,,,,,,,,,,,,,,,,,,,,,,,,
gonka1quj84w0dqrkk4jklyg5p0dkvvukey3lnchu9f3,ACTIVE,,,,,,,,,,,,,,,,,,,,,,,,,,,,,,
gonka1qv2dwvqxt542k5ewhggm2wtcpadvzg6mzupzg8,ACTIVE,,,,,,,,,,,,,,,,,,,,,,,,,,,,,,
gonka1qw4wmm6gp57yanpe5jmhmwpcwqzag30zgk7tat,INACTIVE,,,,,,,,,,,,,,,,,,,,,,,,,,,,,,
gonka1qwfrtz9c7kcrfkrrlne2pkcye74mj6ce33xdkl,ACTIVE,,,,,,,,,,,,,,,,,,,,,,,,,,,,,,
gonka1qx4f2vzhccv0ndhssfgafvf55xf4smuzjmkvky,INACTIVE,,,,,,,,,,,,,,,,,,,,,,,,,,,,,,
gonka1qzfec6p82ssja27nzs09ch09p87lqu3xx5e50f,ACTIVE,,,,,,,,,,,,,,,,,,,,,,,,,,,,,,
gonka1r4ntslxj8f4xfmrmk939vrkknv2dfdr6rstkf9,INACTIVE,,,,,,,,,,,,,,,,,,,,,,,,,,,,,,
gonka1r4vqtz3mhhxzk83693xy8lt3rey5u9l7w809jd,INACTIVE,,,,,,,,,,,,,,,,,,,,,,,,,,,,,,
gonka1r5hdy9q5v783ef7td98k4c68cxl6a58h5sytfq,INACTIVE,,,,,,,,,,,,,,,,,,,,,,,,,,,,,,
gonka1r5j3nmym0xs4hc2dhh3mj00tlzc9xqt62lgmwx,INACTIVE,,,,,,,,,,,,,,,,,,,,,,,,,,,,,,
gonka1r6xg9wcw2ekrlyyp0ct04zqv23dz695tcdx6vh,INACTIVE,,,,,,,,,,,,,,,,,,,,,,,,,,,,,,
gonka1r9e4ew3na86n2mqzwz057930rxq5yycxpj9shj,INACTIVE,,,,,,,,,,,,,,,,,,,,,,,,,,,,,,
gonka1raes6xggfna8sxceh5z7slxvdzaa4x63hsdrr6,INACTIVE,,,,,,,,,,,,,,,,,,,,,,,,,,,,,,
gonka1rcpc45n6zch9qlkn4m3cwngekad89xu8mcr09v,ACTIVE,,,,,,,,,,,,,,,,,,,,,,,,,,,,,,
gonka1rh9eca49arpw96m2zmvr2usk9qdy6q5gns8gj7,INACTIVE,,,,,,,,,,,,,,,,,,,,,,,,,,,,,,
gonka1rkr3np6d965ztapgle7hlynvdtx5pqqwef9ks8,INACTIVE,,,,,,,,,,,,,,,,,,,,,,,,,,,,,,
gonka1rp7kqzjeajyq0qag4hl5gcd7x5v64akghdzuqm,INACTIVE,,,,,,,,,,,,,,,,,,,,,,,,,,,,,,
gonka1rpdnweugm7ykl7hy4p0qe858m9fvkgdm9k5m3g,INACTIVE,,,,,,,,,,,,,,,,,,,,,,,,,,,,,,
gonka1rs5hvyh4rs2f0y9ywkmwfek8r0d59tf4pvknwg,INACTIVE,,,,,,,,,,,,,,,,,,,,,,,,,,,,,,
gonka1rtqq9l4rtlhcus0gm9k3xdjlyn8ph9tu6gm0g2,INACTIVE,,,,,,,,,,,,,,,,,,,,,,,,,,,,,,
gonka1s43peau7vafujfxyape603yklhdzjh2stq702z,INACTIVE,,,,,,,,,,,,,,,,,,,,,,,,,,,,,,
gonka1s5cqcwmggkp47nwczq3nluh0rjsut4auz69lyg,INACTIVE,,,,,,,,,,,,,,,,,,,,,,,,,,,,,,
gonka1s9ecxss47vq0w0hwr72f6sdpthtasem9nx33tf,ACTIVE,,,,,,,,,,,,,,,,,,,,,,,,,,,,,,
gonka1sa32xmpxvv7nepfc22004rgdl4ddjvne42guce,INACTIVE,,,,,,,,,,,,,,,,,,,,,,,,,,,,,,
gonka1sg7amslhnqrw6qyvkdt5f6ru8kakyw5uss0mj7,INACTIVE,,,,,,,,,,,,,,,,,,,,,,,,,,,,,,
gonka1sl8fmjg6glvq4gl9q9u4dyek74e2lzj2ucua5g,INACTIVE,,,,,,,,,,,,,,,,,,,,,,,,,,,,,,
gonka1slndy4rsmld579628302rj5gz8z9qf4v6ppmc4,ACTIVE,,,,,,,,,,,,,,,,,,,,,,,,,,,,,,
gonka1smep2w2jmng5987qujy37ux0jf3xrj6kdy59qn,INACTIVE,,,,,,,,,,,,,,,,,,,,,,,,,,,,,,
gonka1snq79gf7l5kjm00gkdcu9dmpwzk207eq07nuue,ACTIVE,,,,,,,,,,,,,,,,,,,,,,,,,,,,,,
gonka1sq6myvv8r263v4ll5l3ny790nsg5s4507crtqr,INACTIVE,,,,,,,,,,,,,,,,,,,,,,,,,,,,,,
gonka1st5dm5ec3fl084y87wfklum6sv49n782k0tsnk,ACTIVE,,,,,,,,,,,,,,,,,,,,,,,,,,,,,,
gonka1sv2jztqucv0z6whq6k3wlnd3u2qezpplrwyhdx,INACTIVE,,,,,,,,,,,,,,,,,,,,,,,,,,,,,,
gonka1svytprwy050gprlvhp44nkyzfss53y07d8fnj6,INACTIVE,,,,,,,,,,,,,,,,,,,,,,,,,,,,,,
gonka1sycnmyd9rfw0gptt3s604mg9zgpvhg05lgag4m,INACTIVE,,,,,,,,,,,,,,,,,,,,,,,,,,,,,,
gonka1syr9s5dha0qcanrd2jpx6f85965yde0nytyux4,INACTIVE,,,,,,,,,,,,,,,,,,,,,,,,,,,,,,
gonka1t45g664kkw3dhtcwgux3nvrtn9q5262ez5crlm,INACTIVE,,,,,,,,,,,,,,,,,,,,,,,,,,,,,,
gonka1t8p0tjqls358gmzvd3rnnjulraq2k3m772vnt8,INACTIVE,,,,,,,,,,,,,,,,,,,,,,,,,,,,,,
gonka1t8x0m85qvyfzvyevwrj2m28ytf6w3kmlf5r7ez,ACTIVE,,,,,,,,,,,,,,,,,,,,,,,,,,,,,,
gonka1t9scyr8q6dh3xsajedllt6dn4szd06fvnqjt2y,INACTIVE,,,,,,,,,,,,,,,,,,,,,,,,,,,,,,
gonka1tadzlvqgcj53nnqdlppnpxcvd98ygwp370a6tn,INACTIVE,,,,,,,,,,,,,,,,,,,,,,,,,,,,,,
gonka1tj0d67xcqhx7xv8fj96c4q0f46cdz6rx02pq8c,INACTIVE,,,,,,,,,,,,,,,,,,,,,,,,,,,,,,
gonka1tj5jr5439yx3juzdcx77zgyhkq53u7dtsn6vc5,INACTIVE,,,,,,,,,,,,,,,,,,,,,,,,,,,,,,
gonka1tj9573sdggg2s9ysq8ec7me8xactn0a4kusqaa,INACTIVE,,,,,,,,,,,,,,,,,,,,,,,,,,,,,,
gonka1tja3g2da45efhe2p83gk3whtussmgmtsdlgprt,ACTIVE,,,,,,,,,,,,,,,,,,,,,,,,,,,,,,
gonka1tl5m3vuqsx333v7095ymwjdc4vdk2wd9r5hqws,INACTIVE,,,,,,,,,,,,,,,,,,,,,,,,,,,,,,
gonka1tlvg4kjx7ljd5thgd5fkgh39q6lu8cmxupktgg,ACTIVE,,,,,,,,,,,,,,,,,,,,,,,,,,,,,,
gonka1tmk2tzdneht6smu34pkmqdvu7p34qavvmwtwq2,ACTIVE,,,,,,,,,,,,,,,,,,,,,,,,,,,,,,
gonka1tmngrjsrnwu3d3c7r3043wf2ml692w0pnpu044,INACTIVE,,,,,,,,,,,,,,,,,,,,,,,,,,,,,,
gonka1tr9v4n6v7tycc2rplnazxfa672h82sgg7w5z8k,INACTIVE,,,,,,,,,,,,,,,,,,,,,,,,,,,,,,
gonka1ts6k67zt064z87rx9hztm93cd3yh5mkqje6z4c,ACTIVE,,,,,,,,,,,,,,,,,,,,,,,,,,,,,,
gonka1ttrglrkzc96auuaq6nrv0wdygwm7ph5887j9wr,INACTIVE,,,,,,,,,,,,,,,,,,,,,,,,,,,,,,
gonka1txq9e2jzdfhlnugd63u5630vqnzucwavrqnu4d,INACTIVE,,,,,,,,,,,,,,,,,,,,,,,,,,,,,,
gonka1u22tkuum8wdc4sp29gnt7mwu65759cxpj49pm6,INACTIVE,,,,,,,,,,,,,,,,,,,,,,,,,,,,,,
gonka1u4vw85xxgvwmu4zgsy9fxd48w0x98d2hee98h6,ACTIVE,,,,,,,,,,,,,,,,,,,,,,,,,,,,,,
gonka1u4zpegkxj5aj3pkpvgyukh8n2cswc3njk7xf40,INACTIVE,,,,,,,,,,,,,,,,,,,,,,,,,,,,,,
gonka1u4zxypjgcr8khlzefwjr0vwdaj2uzruw2cehj3,ACTIVE,,,,,,,,,,,,,,,,,,,,,,,,,,,,,,
gonka1u5ex4n6r7cjqkkqm4wh5khtzxaee7v52yce29n,INACTIVE,,,,,,,,,,,,,,,,,,,,,,,,,,,,,,
gonka1u8s6vtmp79an7f7xw8hmrmvlntadf3j8na3ajc,INACTIVE,,,,,,,,,,,,,,,,,,,,,,,,,,,,,,
gonka1u9a7r4w76gult5n9ysadnual9fghkc6yda60wj,INACTIVE,,,,,,,,,,,,,,,,,,,,,,,,,,,,,,
gonka1u9pwgk75elh6qk9ehjm38xx4h9xzt99us3meud,INACTIVE,,,,,,,,,,,,,,,,,,,,,,,,,,,,,,
gonka1uawu7tlxcuss8xk9m63fpjm86y58chsg5xwsjt,ACTIVE,,,,,,,,,,,,,,,,,,,,,,,,,,,,,,
gonka1ucxu8fuqv5vt8rrwrmt45lkjx5u3e99ajtgv4h,INACTIVE,,,,,,,,,,,,,,,,,,,,,,,,,,,,,,
gonka1uf5cg7ef0ns6877nl27y0s6rt06cdmn40k5a88,ACTIVE,,,,,,,,,,,,,,,,,,,,,,,,,,,,,,
gonka1ujnc662v6g69jm6fgxnr79a2m7ehzeut059239,INACTIVE,,,,,,,,,,,,,,,,,,,,,,,,,,,,,,
gonka1ukxf7quyy8qsz3gy2crtlzh5qfptd2awzs3a4k,ACTIVE,,,,,,,,,,,,,,,,,,,,,,,,,,,,,,
gonka1umvyh0rz5fdmk9qhxurshhchennajced6f4s89,ACTIVE,,,,,,,,,,,,,,,,,,,,,,,,,,,,,,
gonka1upq4e3ahzea8mu5mhrdptff94xru98lx47h43z,INACTIVE,,,,,,,,,,,,,,,,,,,,,,,,,,,,,,
gonka1usmu5mfu8vsafvsrsvdutl50vy8kumdhv0j2x9,INACTIVE,,,,,,,,,,,,,,,,,,,,,,,,,,,,,,
gonka1uuywlyxfddqrjgpz8u4lqevz838qr30rp020yp,ACTIVE,,,,,,,,,,,,,,,,,,,,,,,,,,,,,,
gonka1ux86q8cgnpvkal497xag8p04ds2u2v23qxawv6,INACTIVE,,,,,,,,,,,,,,,,,,,,,,,,,,,,,,
gonka1uzk2scggfzghr9a5j92l00gzw4jx4adc66977y,ACTIVE,,,,,,,,,,,,,,,,,,,,,,,,,,,,,,
gonka1v3v0ydfpycqygs6jlvdzv7cjp04gsk24sepr9m,ACTIVE,,,,,,,,,,,,,,,,,,,,,,,,,,,,,,
gonka1v3y4tse5aj58d7kxe4jqsw6e2hedewd82d737c,INACTIVE,,,,,,,,,,,,,,,,,,,,,,,,,,,,,,
gonka1v5e25pcuvnv7q8vd2uwhvkkhskfs5laaxx3g8s,INACTIVE,,,,,,,,,,,,,,,,,,,,,,,,,,,,,,
gonka1v6gq7sphhr6g7v9xnjl40uzlw39eay8t7vmc0y,ACTIVE,,,,,,,,,,,,,,,,,,,,,,,,,,,,,,
gonka1v8c2z0utv2rkxnc77k8mh6ze4jf6kll5cpjqry,INACTIVE,,,,,,,,,,,,,,,,,,,,,,,,,,,,,,
gonka1vcawx5jc2hahydd9sqw30hlxyd9ppupm9ez0yz,ACTIVE,,,,,,,,,,,,,,,,,,,,,,,,,,,,,,
gonka1vcvn2p5gczr5pynqq0ca0933tdrf5w64sjgtdg,ACTIVE,,,,,,,,,,,,,,,,,,,,,,,,,,,,,INVALID,
gonka1ve37whw9475rj3l0dy57xch9rnjcha9afv4f3s,INACTIVE,,,,,,,,,,,,,,,,,,,,,,,,,,,,,,
gonka1velxhp2knfmqa2406rvwygex8j9fr5d8vd8q3u,ACTIVE,,,,,,,,,,,,,,,,,,,,,,,,,,,,,,
gonka1vev00u8gl87e22eq8zpsr8lrnmhpvk4hl0yx3d,ACTIVE,,,,,,,,,,,,,,,,,,,,,,,,,,,,,,
gonka1vewz77c875qr8lvr0m62wmf0lw8lv3qr94g6e4,INACTIVE,,,,,,,,,,,,,,,,,,,,,,,,,,,,,,
gonka1vjshzxh3sfam2xh0f7vzz4klrv5pkq4zutk8qt,INACTIVE,,,,,,,,,,,,,,,,,,,,,,,,,,,,,,
gonka1vjz8csqsr0ph0lv0yylc4auypnzrld7y6l2feu,ACTIVE,,,,,,,,,,,,,,,,,,,,,,,,,,,,,,
gonka1vxusszuq3z92ck4q5vkd877zu5grk7qu2j7dqf,INACTIVE,,,,,,,,,,,,,,,,,,,,,,,,,,,,,,
gonka1vz2jg42w39l63dmvmjqdsnxx0ywnzt9nzypdy7,INACTIVE,,,,,,,,,,,,,,,,,,,,,,,,,,,,,,
gonka1w29nvdy6caqtrw30whz9h6ghl0xszwh3egndah,ACTIVE,,,,,,,,,,,,,,,,,,,,,,,,,,,,,,
gonka1w2d6hlurl8hn47emf59eenam99gng7j7hmafj5,INACTIVE,,,,,,,,,,,,,,,,,,,,,,,,,,,,,,
gonka1w4y9r7g7fzh2zq8wxydlh4x9j26casunxfdzmk,ACTIVE,,,,,,,,,,,,,,,,,,,,,,,,,,,,,,
gonka1w5xvh0ag9a2vd43lrurx5emlckth8fzv2tvepu,INACTIVE,,,,,,,,,,,,,,,,,,,,,,,,,,,,,,
gonka1w6clgj4gjpd3r28gjp7vrza3rwzujl4gty6ln7,INACTIVE,,,,,,,,,,,,,,,,,,,,,,,,,,,,,,
gonka1we6ghh9kgtm5na6wf3cyfjvj5fauuln08nx3r4,INACTIVE,,,,,,,,,,,,,,,,,,,,,,,,,,,,,,
gonka1wfn87ruutktth7l8ne3rvhmlsscqxah09kua02,INACTIVE,,,,,,,,,,,,,,,,,,,,,,,,,,,,,,
gonka1whtj4z520meenq52f2zudu8zwmu06vg389x7pu,INACTIVE,,,,,,,,,,,,,,,,,,,,,,,,,,,,,,
gonka1wkgawwdzj623ss8eywayzdj6qcgr2llygactje,ACTIVE,,,,,,,,,,,,,,,,,,,,,,,,,,,,,,
gonka1wpy06qhy7j7a0zcsax0q94za5p0g9g3g2sc32y,INACTIVE,,,,,,,,,,,,,,,,,,,,,,,,,,,,,,
gonka1wr20kvjrm6y6cvqk7jt2e5gpyl45qq3mvt7sr4,ACTIVE,,,,,,,,,,,,,,,,,,,,,,,,,,,,,,
gonka1ws5s5jrnkle6xwe4glk59yehq4qexgamjkct8c,ACTIVE,,,,,,,,,,,,,,,,,,,,,,,,,,,,,,
gonka1wsx8enzwl8mnwkqfghl7gwe2x930s33qnhw4qp,ACTIVE,,,,,,,,,,,,,,,,,,,,,,,,,,,,,,
gonka1wt8sr9jxzpec65j7zkxsgh6edk3m6r8nlf5za4,ACTIVE,,,,,,,,,,,,,,,,,,,,,,,,,,,,,,
gonka1wthc28t25pg63hzvl07rl8e8r6km6hesl6jhsz,ACTIVE,,,,,,,,,,,,,,,,,,,,,,,,,,,,,,
gonka1wttl0ghw929832auepgvq3gqrpfatcnfrzvqw2,INACTIVE,,,,,,,,,,,,,,,,,,,,,,,,,,,,,,
gonka1wv38ew6cvmsv9t7y4h6jjdvp70k5s2mh4hhs2y,INACTIVE,,,,,,,,,,,,,,,,,,,,,,,,,,,,,,
gonka1wvv656pt2d8x2khcvytqeessck5uzjnxzsa8f6,ACTIVE,,,,,,,,,,,,,,,,,,,,,,,,,,,,,,
gonka1wxgfseq4t6ph7jfrvrnjkf88424n7d93e5pskz,INACTIVE,,,,,,,,,,,,,,,,,,,,,,,,,,,,,,
gonka1wzm3dmnkymnuj8g5mxne9w453ef05mteun4cpz,INACTIVE,,,,,,,,,,,,,,,,,,,,,,,,,,,,,,
gonka1wzujgkw64xvz3vqttg7ktl5tlsdga7l53g6d55,ACTIVE,,,,,,,,,,,,,,,,,,,,,,,,,,,,,,
gonka1x0tmf77y7pgwjz3pmjtdphr6gr264fsya0ck97,ACTIVE,,,,,,,,,,,,,,,,,,,,,,,,,,,,,,
gonka1x0wr4u4jnzyqsvme97zy8p2uqdl9llxf938uh4,INACTIVE,,,,,,,,,,,,,,,,,,,,,,,,,,,,,,
gonka1x20c5d9wzatlr0t69xjm05x9uemq9mnk00udfa,INACTIVE,,,,,,,,,,,,,,,,,,,,,,,,,,,,,,
gonka1x3szaeuwkx6c6wal4h3pr6z5a5d6p7dus4jy3h,ACTIVE,,,,,,,,,,,,,,,,,,,,,,,,,,,,,,
gonka1x3uccqp4a6kse5d2r743m9zas5khz900w67hja,INACTIVE,,,,,,,,,,,,,,,,,,,,,,,,,,,,,,
gonka1x5zn0e5n9c8qjjjt38g0wd05px89q5pxaxqpq7,ACTIVE,,,,,,,,,,,,,,,,,,,,,,,,,,,,,,
gonka1x7zh2277spp7jfqjhv0g5mnezg290xdr4kpfnk,ACTIVE,,,,,,,,,,,,,,,,,,,,,,,,,,,,,,
gonka1x805263eml3mwyeny8cvdpe9q27f4ku3h2yatl,INACTIVE,,,,,,,,,,,,,,,,,,,,,,,,,,,,,,
gonka1xfg6ed596n8ka7tjp7j604prf5n4mgv3h9d02t,ACTIVE,,,,,,,,,,,,,,,,,,,,,,,,,,,,,,
gonka1xj5cdd7qfpjsste7lyz8ktfj7xl5q3kjydf3un,INACTIVE,,,,,,,,,,,,,,,,,,,,,,,,,,,,,,
gonka1xjdmt0s2dy5juxh0uhct3lye94xdmf4ku528sh,ACTIVE,,,,,,,,,,,,,,,,,,,,,,,,,,,,,,
gonka1xmgcpaw6n57ewn6s2fhggxaakemaaxuv4pdpmq,INACTIVE,,,,,,,,,,,,,,,,,,,,,,,,,,,,,,
gonka1xn5rd6anmtkvdvd9hwh4d3pspxp8v458554fmk,INACTIVE,,,,,,,,,,,,,,,,,,,,,,,,,,,,,,
gonka1xnf7rsktgug63zfl68f22rnecljruzyk6f0ja6,INACTIVE,,,,,,,,,,,,,,,,,,,,,,,,,,,,,,
gonka1xnnu7yj6lsdmh3cjne9hk929y6yx8u5rwredz0,INACTIVE,,,,,,,,,,,,,,,,,,,,,,,,,,,,,,
gonka1xq4ngnc3zdsdl3rvtu7ytnkndpakzqu4dx0v7v,INACTIVE,,,,,,,,,,,,,,,,,,,,,,,,,,,,,,
gonka1xsntypk5ehu70rvy4nxh49d7zvk6nwf8tj2xd8,INACTIVE,,,,,,,,,,,,,,,,,,,,,,,,,,,,,,
gonka1xtzmqjwf0au4ad5m3nmdu07262vjn605uxyjtu,INACTIVE,,,,,,,,,,,,,,,,,,,,,,,,,,,,,,
gonka1xwkesaxvdadh9wt9yyladu0r260s7whklcktds,INACTIVE,,,,,,,,,,,,,,,,,,,,,,,,,,,,,,
gonka1xxmpgunsrg9ayx8zejnjw8zu76czmc8fre3ece,INACTIVE,,,,,,,,,,,,,,,,,,,,,,,,,,,,,,
gonka1y2a9p56kv044327uycmqdexl7zs82fs5ryv5le,ACTIVE,,,,,,,,,,,,,,,,,,,,,,,,,,,,,,
gonka1y4fvesetallc8w5srs3fdeaashzez0v2maksey,INACTIVE,,,,,,,,,,,,,,,,,,,,,,,,,,,,,,
gonka1y4kyhqy022gt4kklxxflgqkutnx96ssww66zg6,ACTIVE,,,,,,,,,,,,,,,,,,,,,,,,,,,,,,
gonka1y4rhy7fd7hlkrntctmxyehjkq8rrzp27nenk9v,INACTIVE,,,,,,,,,,,,,,,,,,,,,,,,,,,,,,
gonka1y69wttdm3vkadw004kmejj4c0dyae3cz25dxhj,INACTIVE,,,,,,,,,,,,,,,,,,,,,,,,,,,,,,
gonka1y9ayc8l9jxypsgmpqup0ean597g0ftlywf7urd,INACTIVE,,,,,,,,,,,,,,,,,,,,,,,,,,,,,,
gonka1y9y7027gllfnx0u04s0x4nx8u5mfaurgaw57hs,INACTIVE,,,,,,,,,,,,,,,,,,,,,,,,,,,,,,
gonka1yal0ysgzc860zt3y8cds8656tnueusgymftvkw,ACTIVE,,,,,,,,,,,,,,,,,,,,,,,,,,,,,,
gonka1yewc6rmr5zhcpy6dnpt4wup990j299qt03x40s,ACTIVE,,,,,,,,,,,,,,,,,,,,,,,,,,,,,,
gonka1ylz70ycevzkv3t2s004xpetd2eqwj6ylr3fpv0,INACTIVE,,,,,,,,,,,,,,,,,,,,,,,,,,,,,,
gonka1ym3np7guxart483yfdxnlztuazx22cjt0e4a2p,ACTIVE,,,,,,,,,,,,,,,,,,,,,,,,,,,,,,
gonka1ym8g5f34h5zu4p4d4ldjnycfkty9qxpmyx5a3m,INACTIVE,,,,,,,,,,,,,,,,,,,,,,,,,,,,,,
gonka1ymupls5cj6dfkvppeetcfpkszqxmyyrjtsn5pz,ACTIVE,,,,,,,,,,,,,,,,,,,,,,,,,,,,,,
gonka1yn82y3rqvd8ykjq6m9jnqepg9zwdktkdd322l3,INACTIVE,,,,,,,,,,,,,,,,,,,,,,,,,,,,,,
gonka1ynq04sve3z03x6wscml8na5m2u6yvzeqw750pm,INACTIVE,,,,,,,,,,,,,,,,,,,,,,,,,,,,,,
gonka1yqpl6vwwyzkde0ngsclghy7dzyau0mjja3gva8,INACTIVE,,,,,,,,,,,,,,,,,,,,,,,,,,,,,,
gonka1yrfq267gf5jz76m3j5sln7f5h00t9g6fmat4gp,INACTIVE,,,,,,,,,,,,,,,,,,,,,,,,,,,,,,
gonka1yrqlpjnpqv9d626vl8s29vk383x74s0k5tdtd0,INACTIVE,,,,,,,,,,,,,,,,,,,,,,,,,,,,,,
gonka1yt2s5u5k06rm2au8dsqm4kzwmw7klqsrd6xd95,INACTIVE,,,,,,,,,,,,,,,,,,,,,,,,,,,,,,
gonka1yukev873tps58s6rlkh6czs5rrqp2sdqw7pm58,INACTIVE,,,,,,,,,,,,,,,,,,,,,,,,,,,,,,
gonka1yvygc3csnr2c6ee6lag82wk7p2s9vss0npu7an,INACTIVE,,,,,,,,,,,,,,,,,,,,,,,,,,,,,,
gonka1yxjq6h8qq5kvf86004rhmxf2edwjdgynq22l4k,INACTIVE,,,,,,,,,,,,,,,,,,,,,,,,,,,,,,
gonka1z0ske4y7eckmjgdn2hxhp03jutqeyut5z5hen6,INACTIVE,,,,,,,,,,,,,,,,,,,,,,,,,,,,,,
gonka1z3kelh3gx3t6kz303f8trdll3j5ap3zz8csyfm,INACTIVE,,,,,,,,,,,,,,,,,,,,,,,,,,,,,,
gonka1z8dh5kqdn2nnsg527qawy58ca5fme38xffq7ah,ACTIVE,,,,,,,,,,,,,,,,,,,,,,,,,,,,,,
gonka1z8pr9dy362yvvw9c0wx3fc8w9yrgv2ervakd3x,INACTIVE,,,,,,,,,,,,,,,,,,,,,,,,,,,,,,
gonka1zauv3up2rp4al5lhsqnqfh2kqfx2zvy3l0qwss,INACTIVE,,,,,,,,,,,,,,,,,,,,,,,,,,,,,,
gonka1zhdhsjeczcknq3zhejrdswr3dqp2qw8am96swc,INACTIVE,,,,,,,,,,,,,,,,,,,,,,,,,,,,,,
gonka1zj97wuqysdd0snt07z9204hlnf7phc4v9dnl5f,INACTIVE,,,,,,,,,,,,,,,,,,,,,,,,,,,,,,
gonka1zktn8j65wlys8a8e38hqhf4y3x6m4x04zskkrx,ACTIVE,,,,,,,,,,,,,,,,,,,,,,,,,,,,,,
gonka1zphxd376tvtev5drq09dtnj7nfxtghw6gtewpf,ACTIVE,,,,,,,,,,,,,,,,,,,,,,,,,,,,,,
gonka1zpw8tml8xl4fm6zm8zpf2u4pq4tehmd9e2vgq7,ACTIVE,,,,,,,,,,,,,,,,,,,,,,,,,,,,,,
gonka1zq5ar3u7l6hzrxgwn9qszy54pc89k7ueqsjwkn,INACTIVE,,,,,,,,,,,,,,,,,,,,,,,,,,,,,,
gonka1zqj957tgjylep4vctsz8rw827slsddqww8drj5,INACTIVE,,,,,,,,,,,,,,,,,,,,,,,,,,,,,,
gonka1zr82xvxge0n8hf2u9ysrvfgr8u5lcvrqwc6ufx,INACTIVE,,,,,,,,,,,,,,,,,,,,,,,,,,,,,,
gonka1zsvl7ujlc8z3a35v2q6e3nml7ftyk23v76jqgl,ACTIVE,,,,,,,,,,,,,,,,,,,,,,,,,,,,,,
gonka1zx097psrq9p99yz8src4henyrtsdpjv3n7hp5u,ACTIVE,,,,,,,,,,,,,,,,,,,,,,,,,,,,,,
gonka1zxyjn6yuqm4e2v2wz2y7a9lhcxazc674dyvx5g,INACTIVE,,,,,,,,,,,,,,,,,,,,,,,,,,,,,,
