address,current_status,consecutive_invalid_inferences,first_seen_performance_epoch,last_seen_performance_epoch,last_paid_epoch,first_unpaid_epoch_after_last_paid,matches_strict_bug_filter
gonka12sjs2wwerzfp25y2w9cqpwk9r8z4uddmlt5spw,INACTIVE,0,220,221,220,221,False
gonka15kf06ehfplnqtvgnndyfym9w9f63686cvw3nqj,ACTIVE,0,220,222,220,221,False
gonka19sftyj72xf8g4kulg7jngvfacw07a8yu0yrjrm,INACTIVE,0,220,221,220,221,False
gonka1mjcyendh6mej6w6s2xymklpenn6ggw46l78esp,INACTIVE,0,220,221,220,221,False
gonka1ve37whw9475rj3l0dy57xch9rnjcha9afv4f3s,INACTIVE,0,220,221,220,221,False
gonka14ued4vcdeluj9v9vmsmteap7vtg7t50640hvmf,INACTIVE,0,220,222,221,222,False
gonka1awufch9x3slh9h9t3exa36r23rwjknswldce09,INACTIVE,0,221,223,221,222,False
gonka1fh58x94xd6rdqz599svj9ftdt9rckg6ggxvn3p,INACTIVE,0,220,222,221,222,False
gonka1j62evzhlg556krdfhynpduchyl0px8qga8wfut,INACTIVE,0,220,222,221,222,False
gonka1p45pgtzjtjaq0nqxm0a6dstyeqa3lx5dpx253k,INACTIVE,0,220,222,221,222,False
gonka1sycnmyd9rfw0gptt3s604mg9zgpvhg05lgag4m,INACTIVE,0,220,222,221,222,False
gonka1tj5jr5439yx3juzdcx77zgyhkq53u7dtsn6vc5,INACTIVE,0,220,222,221,222,False
gonka1xtzmqjwf0au4ad5m3nmdu07262vjn605uxyjtu,INACTIVE,0,220,222,221,222,False
gonka14g5nf5z695era59sz6zat5mv7n4w73vp26cgx5,INACTIVE,0,220,223,222,223,False
gonka169ms5ewh68ervhaxslul5cmfaavnt57nkmrvgt,INACTIVE,0,222,223,222,223,False
gonka1dtnru3j85vee0vm20vkvd256nfd9t7jzuvnd27,INACTIVE,0,220,223,222,223,False
gonka1gxk3xjg43ryaht8ze0395m7ph4879gmsfd5emu,INACTIVE,0,220,223,222,223,False
gonka1k2dvwkg22kqmgh0s6xt8xuk4s4ak0k4py05cyr,INACTIVE,0,222,223,222,223,False
gonka1llxvtg0657ldmqn4l3t0ag496ff355j5kawagy,INACTIVE,0,220,223,222,223,False
gonka1n8sczgy8379gqx0z4xuwrv7g50tcml6r9whkxa,INACTIVE,0,220,225,222,223,False
gonka1p7ze99aywsyudnn38wrxjsgzhmcu64swe9zmua,INACTIVE,0,220,223,222,223,False
gonka1qkwzxe3hwrghhmgek5kvnyhyaw9akkc8mfwsaa,INACTIVE,0,221,231,222,223,False
gonka1sg7amslhnqrw6qyvkdt5f6ru8kakyw5uss0mj7,INACTIVE,0,222,223,222,223,False
gonka1wpy06qhy7j7a0zcsax0q94za5p0g9g3g2sc32y,INACTIVE,0,222,223,222,223,False
gonka105fgwnqwd72m685xcalvvsdyzmf59khq607rlx,INACTIVE,0,222,224,223,224,False
gonka132jlm2gj75cqyuvnnufv5uhnlmfm06jvm25zuv,INACTIVE,0,223,224,223,224,False
gonka18hns0dspklh6r89nyeg8qaph4vhfkd63tl7a37,ACTIVE,0,220,225,223,224,False
gonka19pe5zksljpfjydt64xz5yv7jxsr3cn2tqt8k9r,INACTIVE,0,222,224,223,224,False
gonka1aazyzjuywye4530acgjgw0stu4ydpt9hv4afut,ACTIVE,0,220,225,223,224,False
gonka1g58w4wu7yyla55vfmhm96v9jheyetnxr02jzz7,INACTIVE,0,220,224,223,224,False
gonka1hmj9lrcxt9zds40uq94gga2ps7t7x75eky6cvq,INACTIVE,0,223,224,223,224,False
gonka1l2pu0eqvsah7ap5hy6rdn6dxse37wy6cy4k2ef,INACTIVE,0,222,224,223,224,False
gonka1m9sf2rpg635efaw59djqlxkqew9sxvmqd6g343,ACTIVE,0,220,225,223,224,False
gonka1p92n7yphf8eqcygcwkpvgggt7d9ql69mchllcr,INACTIVE,0,220,224,223,224,False
gonka1t8x0m85qvyfzvyevwrj2m28ytf6w3kmlf5r7ez,ACTIVE,0,220,224,223,224,False
gonka1txq9e2jzdfhlnugd63u5630vqnzucwavrqnu4d,INACTIVE,0,223,224,223,224,False
gonka1ucxu8fuqv5vt8rrwrmt45lkjx5u3e99ajtgv4h,INACTIVE,0,222,224,223,224,False
gonka1w2d6hlurl8hn47emf59eenam99gng7j7hmafj5,INACTIVE,0,223,224,223,224,False
gonka149q5us80a94u45uuedufucdmn8ud5xq4de9g9e,INACTIVE,0,223,225,224,225,False
gonka165pppmxfxxzu4dn33twqwq2rz5cnem2srprlnn,INACTIVE,0,223,225,224,225,False
gonka183y38fjefqfgxafe05fw24rjtj4elzy84wxwdl,INACTIVE,0,222,225,224,225,False
gonka1g9n5yek0sk84qpx0lwc7hq6p3v2fqr5ggml3gg,INACTIVE,0,220,225,224,225,False
gonka1jxtdrqyjc52j7wm2h4ec8g7enjz9r3qjy2hn8g,INACTIVE,0,224,225,224,225,False
gonka1kadhltjszhue262r7z7khldv90ru8cvy42zv29,INACTIVE,0,223,225,224,225,False
gonka1rh9eca49arpw96m2zmvr2usk9qdy6q5gns8gj7,INACTIVE,0,224,225,224,225,False
gonka1xxmpgunsrg9ayx8zejnjw8zu76czmc8fre3ece,INACTIVE,0,224,225,224,225,False
gonka1zr82xvxge0n8hf2u9ysrvfgr8u5lcvrqwc6ufx,INACTIVE,0,220,225,224,225,False
gonka13l0e92dedmwm0a2zcxnctvqlcl2tw7hhkdmsnx,INACTIVE,0,222,226,225,226,False
gonka14sdm8urd88v49ns7n6hz99chpunxjkr0w3m8y7,INACTIVE,0,225,226,225,226,False
gonka1aumu6ctfvp6hdccmcvrhrz8ete926zleyhacr5,INACTIVE,0,223,226,225,226,False
gonka1d5nh80xxh7fkf0hmqlxqfq6vls8cq3j0fgg8f3,INACTIVE,0,224,226,225,226,False
gonka1fnwznrjccpukhe3u5dnqqnr02nhr5hq89jhghs,INACTIVE,0,224,226,225,226,False
gonka1ha7fpwwu9st0wgyyz9ahd3xchk05nx7mtj4ng8,INACTIVE,0,225,226,225,226,False
gonka1hhtht6rssq5hy22r7kyrrtkglvslxtkqt5yau8,INACTIVE,0,223,226,225,226,False
gonka1jvmumx6rwyq302m6y6z5hdkc4cgu845mcgjwud,INACTIVE,0,220,226,225,226,False
gonka1k4ufjpu9h79zy4hdtly8dcgyfkjmeunqtk3k9e,ACTIVE,0,220,226,225,226,False
gonka1kyft3snetrh9fnetvwrzt4fr5dwm5szl9sx9hq,INACTIVE,0,220,226,225,226,False
gonka1kyrhxw6frcjk4hh8rdeswxftwxuxwgphxnk8kk,INACTIVE,0,222,226,225,226,False
gonka1mu29dgr7yx6l3x46c535p2aymzp0hns2fpz5e3,INACTIVE,0,224,226,225,226,False
gonka1pgn9v9studsuhud80h8hphdq8nzxf4380vm7jy,INACTIVE,0,223,226,225,226,False
gonka1pucvx8mx0nux5gcd2wgfyg9mwkaaqaqplw674l,INACTIVE,0,222,226,225,226,False
gonka1t9scyr8q6dh3xsajedllt6dn4szd06fvnqjt2y,INACTIVE,0,225,226,225,226,False
gonka1ttrglrkzc96auuaq6nrv0wdygwm7ph5887j9wr,INACTIVE,0,225,226,225,226,False
gonka143hahlzmxj26dlcdl5552yl9futt7jahjgeu69,INACTIVE,0,226,227,226,227,False
gonka16lsgkqgz25fj53rtp9kgdafec37kth6nnf4an4,INACTIVE,0,226,227,226,227,False
gonka17cnuuvplky4ck8hwj8smh6he6tgq6su45r5v5y,INACTIVE,0,221,227,226,227,False
gonka19teuc4q23h48m2ser9aqll9nactthfkcs9meke,INACTIVE,0,222,227,226,227,False
gonka1a8u5zzrmhhdz7hp4gk3lmpltrwq90ley2cn5ef,INACTIVE,0,225,227,226,227,False
gonka1g9vvr2ynjjuf2etlzg6h22dxuxkl3zphrury58,INACTIVE,0,226,227,226,227,False
gonka1gsnlch7sav73dxearvt7ylh3qcq3fdurad72za,INACTIVE,0,220,227,226,227,False
gonka1h796gh5vnp0l3k0klvzk9rw9240223njss8g5y,ACTIVE,0,221,228,226,227,False
gonka1jcut7ms9l432y90exzpfz5835p04lrzpndtdfl,INACTIVE,0,226,227,226,227,False
gonka1mt6fz28j7rls3psgspaq0xhj862wlklgcat6am,INACTIVE,0,225,227,226,227,False
gonka1nplx25jwgvg072v4a408vs4xcevceumd04khx5,INACTIVE,0,224,227,226,227,False
gonka1y69wttdm3vkadw004kmejj4c0dyae3cz25dxhj,INACTIVE,0,226,227,226,227,False
gonka10e7qay76svkulq7wx3mez60jvdxj5pmjynmyrz,ACTIVE,0,220,228,227,228,False
gonka16as27w5m0jtskdgxx6hyhhm6r3khechwcc6quw,INACTIVE,0,220,228,227,228,False
gonka19tq260hnd4y83q9m7nk6q5yc9xenesukvznak4,INACTIVE,0,227,228,227,228,False
gonka1sv2jztqucv0z6whq6k3wlnd3u2qezpplrwyhdx,INACTIVE,0,227,228,227,228,False
gonka1tr9v4n6v7tycc2rplnazxfa672h82sgg7w5z8k,INACTIVE,0,227,228,227,228,False
gonka1u4zpegkxj5aj3pkpvgyukh8n2cswc3njk7xf40,INACTIVE,0,227,228,227,228,False
gonka1wxgfseq4t6ph7jfrvrnjkf88424n7d93e5pskz,INACTIVE,0,227,228,227,228,False
gonka1zauv3up2rp4al5lhsqnqfh2kqfx2zvy3l0qwss,INACTIVE,0,220,228,227,228,False
gonka14dd23kqxte3yhuae93g953ehh73f3djnuq0ern,INACTIVE,0,228,229,228,229,False
gonka15ra622ntmvwys9mxqncn2uv9vwknlytfu959ff,INACTIVE,0,228,229,228,229,False
gonka185kz5j9ur5jczu9wf2vful353vg3eahm77n39x,INACTIVE,0,226,229,228,229,False
gonka19w0rclzvhpt0h9skdptfpaz5jw2t80ml2geuw9,INACTIVE,0,228,229,228,229,False
gonka19xy6zmvpu9x4cyhnuryd3c8c4q8t9v5guj3hzl,INACTIVE,0,224,229,228,229,False
gonka1jawqmq4lmu8fadddrt0mejfxu5lkrdc02fwuzm,INACTIVE,0,226,229,228,229,False
gonka1mjk8kvkr34vm974s0hmjuanrzv8y4fj3r8fjjm,INACTIVE,0,226,229,228,229,False
gonka1p2hqmt2lxgw5ctdlt6valanxxqsmtf73g27mpg,INACTIVE,0,220,229,228,229,False
gonka1sl8fmjg6glvq4gl9q9u4dyek74e2lzj2ucua5g,INACTIVE,0,227,229,228,229,False
gonka1whtj4z520meenq52f2zudu8zwmu06vg389x7pu,INACTIVE,0,228,229,228,229,False
gonka1y9ayc8l9jxypsgmpqup0ean597g0ftlywf7urd,INACTIVE,0,228,229,228,229,False
gonka1287a8wk9nnd7w96ejr5qkj3a04hcf4nmtckc8p,INACTIVE,0,229,230,229,230,False
gonka14z0upz96hw5sd6jgw4qpmy4lfjg294y560f7te,INACTIVE,0,229,230,229,230,False
gonka15phrun9xzcm2f9vz7lfef9yj26xjhte9jl2jvc,INACTIVE,0,227,230,229,230,False
gonka179g6jf5uulrufkhwlymsmwwu93r0j2qvpkdh53,INACTIVE,0,228,230,229,230,False
gonka18g789gnqf4990eel5dzgpx383t0fzdef6nmw2q,INACTIVE,0,229,230,229,230,False
gonka1au9qsemsqtng83kf3nfac38gqe0c0f9qslw750,INACTIVE,0,229,230,229,230,False
gonka1h82jwcefsu9ur3yfj97593tlyve2jes89kyqg4,INACTIVE,0,229,230,229,230,False
gonka1nhsw6z4z4vevzzyrdkq2fxfgn8dypuudjvangc,INACTIVE,0,224,230,229,230,False
gonka1pu7h5ntzt94ptwr5y5nctfjvpfd0hclqspcryl,INACTIVE,0,225,230,229,230,False
gonka1r4vqtz3mhhxzk83693xy8lt3rey5u9l7w809jd,INACTIVE,0,227,230,229,230,False
gonka1svytprwy050gprlvhp44nkyzfss53y07d8fnj6,INACTIVE,0,229,230,229,230,False
gonka1ux86q8cgnpvkal497xag8p04ds2u2v23qxawv6,INACTIVE,0,220,232,228,230,False
gonka1x0wr4u4jnzyqsvme97zy8p2uqdl9llxf938uh4,INACTIVE,0,229,230,229,230,False
gonka15q3hcqdkvthz82rht3vxayfmx3u5hcq00evfxg,INACTIVE,0,230,231,230,231,False
gonka16dqp2jfmnaahwxq5x7snn2h2ap026v5lwhr5m7,INACTIVE,0,225,231,230,231,False
gonka1ad56r73l5z92x9f3qe7e52q0jckmg9ytmghp87,INACTIVE,0,227,231,230,231,False
gonka1jjredx8nvy86dcae5fhpvge0kmamdxx2h7dr9h,INACTIVE,1,229,231,230,231,False
gonka1l279mvj0rgkr5gkrtkdfeetmf602lkfvkf038j,INACTIVE,0,224,231,230,231,False
gonka1r4ntslxj8f4xfmrmk939vrkknv2dfdr6rstkf9,INACTIVE,0,230,231,230,231,False
gonka1t45g664kkw3dhtcwgux3nvrtn9q5262ez5crlm,INACTIVE,0,230,231,230,231,False
gonka1tj0d67xcqhx7xv8fj96c4q0f46cdz6rx02pq8c,INACTIVE,0,230,231,230,231,False
gonka1wv38ew6cvmsv9t7y4h6jjdvp70k5s2mh4hhs2y,INACTIVE,0,230,231,230,231,False
gonka1x3uccqp4a6kse5d2r743m9zas5khz900w67hja,INACTIVE,0,230,231,230,231,False
gonka1z8pr9dy362yvvw9c0wx3fc8w9yrgv2ervakd3x,INACTIVE,0,230,231,230,231,False
gonka15ekp90x056vsuw37za6vt9p54r6kr7pr76hyyd,INACTIVE,0,225,232,231,232,False
gonka19dqylqjzp4x04mkktz067l4exrcrg8g7777777,INACTIVE,0,220,232,231,232,False
gonka1cp45adu29a93qp8fwqn9sqt2hyqkl8qc5hty58,INACTIVE,0,231,232,231,232,False
gonka1dg6s2c2mrwg972xs7309nh57t7q98hqv99jew8,INACTIVE,0,220,232,231,232,False
gonka1ea8zl02zfvpxlpgdpywky9za5yy0ufy7htrwqz,INACTIVE,0,231,232,231,232,False
gonka1jpg0ct9h272lefy99w4sgd2ul9ukvzwhfanvn0,INACTIVE,0,228,232,231,232,False
gonka1jr3644x2p5j90yl3jpyuvfrp28l37vpvkjq2yx,INACTIVE,0,230,232,231,232,False
gonka1my88wstqm2e795srgpxzat60z5hy0p7a85ytpk,INACTIVE,0,228,232,231,232,False
gonka1n6dhkcn2ek5yy948y487nj52hyp4mcvpxjjqed,INACTIVE,0,231,232,231,232,False
gonka1raes6xggfna8sxceh5z7slxvdzaa4x63hsdrr6,INACTIVE,0,231,232,231,232,False
gonka1rpdnweugm7ykl7hy4p0qe858m9fvkgdm9k5m3g,INACTIVE,0,230,232,231,232,False
gonka1we6ghh9kgtm5na6wf3cyfjvj5fauuln08nx3r4,INACTIVE,0,231,232,231,232,False
gonka1y9y7027gllfnx0u04s0x4nx8u5mfaurgaw57hs,INACTIVE,0,231,232,231,232,False
gonka1yxjq6h8qq5kvf86004rhmxf2edwjdgynq22l4k,INACTIVE,0,231,232,231,232,False
gonka1zq5ar3u7l6hzrxgwn9qszy54pc89k7ueqsjwkn,INACTIVE,0,231,232,231,232,False
gonka1zxyjn6yuqm4e2v2wz2y7a9lhcxazc674dyvx5g,INACTIVE,0,231,232,231,232,False
gonka12qz87r7g5sde33c6jnjp7n5kxj4t650v9ezxu7,ACTIVE,0,227,234,232,233,False
gonka13mehzn6a86z7mkf0fcked5y2644r7hnq2txxpa,INACTIVE,0,231,233,232,233,False
gonka1kth9pyyalm0u0wfc7dwdwnsntaer9gmfntlgq9,INACTIVE,0,230,233,232,233,False
gonka1lmcyrg9fh0lj7spq2ra4kduttf86ede5xlrmay,INACTIVE,0,227,233,232,233,False
gonka1lmppztny6yhjcshlh5jd7484lms0hxvjpe8ytu,INACTIVE,0,232,233,232,233,False
gonka1m09t38h8fy20qx6896ht450j8rfmtdel6tq93x,INACTIVE,0,232,233,232,233,False
gonka1xn5rd6anmtkvdvd9hwh4d3pspxp8v458554fmk,INACTIVE,0,232,233,232,233,False
gonka17fc94j99063t6ullr6cgu02ps7kwut28f9ggpj,INACTIVE,0,232,234,233,234,False
gonka1dutrpxzkvnjqt75yqwlszkeegujsuprdu9vr8g,INACTIVE,0,231,234,233,234,False
gonka1mkwqr346yy5ag0x450hht9ndl2wqhuzrfz0fd7,INACTIVE,0,233,234,233,234,False
gonka1v3y4tse5aj58d7kxe4jqsw6e2hedewd82d737c,INACTIVE,0,233,234,233,234,False
gonka1w5xvh0ag9a2vd43lrurx5emlckth8fzv2tvepu,INACTIVE,0,233,234,233,234,False
gonka1yqpl6vwwyzkde0ngsclghy7dzyau0mjja3gva8,INACTIVE,0,232,234,233,234,False
gonka1zqj957tgjylep4vctsz8rw827slsddqww8drj5,INACTIVE,0,233,234,233,234,False
gonka102yeygzzq74pudsa9nwvjh3q9x4q7wscr23hlw,INACTIVE,0,233,235,234,235,False
gonka146a8kuv4hf6lg5ex0h7k89vwld2c7lwp5923cy,INACTIVE,0,234,235,234,235,False
gonka17sktsm7djnwla0txhlq3lpeekw3jz38y2shqj3,INACTIVE,0,234,235,234,235,False
gonka19u7w9jek8y5nj7qzssm3x6a8p2ukmrxrust6qs,INACTIVE,0,234,235,234,235,False
gonka1cy5x2c2zq4s9zq5r2xz609j63mprpc9tdz8drr,INACTIVE,0,226,235,234,235,False
gonka1fwum8860xfxfqghem7npn643ppftsfevwply74,INACTIVE,0,234,235,234,235,False
gonka1h8fmjrpth99xt8ee0wrdljfg7fpvquc9d4et0d,INACTIVE,0,233,235,234,235,False
gonka1jfr0hq4k5lfzu7h2qsvh8dppard9t7lndsrngp,INACTIVE,0,232,235,234,235,False
gonka1jpxayv4ef6c5z4wn9mxqsla0zkcwu5tq2536sw,INACTIVE,0,230,235,234,235,False
gonka1q6h4shel59yz6hqshz3ncdtegulj9840nzzyxs,INACTIVE,0,234,235,234,235,False
gonka1qswp63txcftfdcgcle4lshkly0nmmlfr9ecj8r,INACTIVE,0,233,235,234,235,False
gonka1xq4ngnc3zdsdl3rvtu7ytnkndpakzqu4dx0v7v,INACTIVE,0,234,235,234,235,False
gonka103tuctlftrr5zzc2vgmu86vw4u6pus9wxnm8a4,INACTIVE,0,233,236,235,236,False
gonka14cqs3cnsahrr52end3twr7sq3rhtwnj8j8pyzv,ACTIVE,0,220,236,235,236,False
gonka16w7yu8apgeepr4xc44r6xq65nj2vxnykfcc0yy,INACTIVE,0,231,236,235,236,False
gonka1at7qj6ynelhp9kc3mgkw94m8j6jhrfh8wxse4n,INACTIVE,0,235,236,235,236,False
gonka1eqjpx0k806kcu8tjr64zlswk9vkznsstyeq0j8,INACTIVE,0,229,236,235,236,False
gonka1f7uwyhetekfar5h5q7vtatne28futuffypde4j,ACTIVE,0,224,237,235,236,False
gonka1hdm8wlf8e07e692ezay5g8qyemks4242g7kr9d,INACTIVE,0,233,236,235,236,False
gonka1jv4fcx2gtuj4ejwnng4phugfclgjmhvg9d9cvz,INACTIVE,0,220,236,235,236,False
gonka1r9e4ew3na86n2mqzwz057930rxq5yycxpj9shj,INACTIVE,0,235,236,235,236,False
gonka1smep2w2jmng5987qujy37ux0jf3xrj6kdy59qn,INACTIVE,0,235,236,235,236,False
gonka1syr9s5dha0qcanrd2jpx6f85965yde0nytyux4,INACTIVE,0,235,236,235,236,False
gonka1vewz77c875qr8lvr0m62wmf0lw8lv3qr94g6e4,INACTIVE,0,235,236,235,236,False
gonka1xj5cdd7qfpjsste7lyz8ktfj7xl5q3kjydf3un,INACTIVE,0,235,236,235,236,False
gonka1g99cz2zdgalleuzhwa6h3yxf5k7khjwxg423ms,ACTIVE,0,230,237,236,237,False
gonka1qlwcwa7nppc0ng5qccwm3g0t0knkf5nmr036vc,INACTIVE,0,235,237,236,237,False
gonka1tadzlvqgcj53nnqdlppnpxcvd98ygwp370a6tn,INACTIVE,0,236,237,236,237,False
gonka140f97y9dsnjc2cdusp0hzx73tk693ycg6mkqy5,INACTIVE,0,229,238,237,238,False
gonka143x3v0etsful8p4hznnltpeq8arz2g8lkrjumf,INACTIVE,0,236,238,237,238,False
gonka15suq3puxz0ec7fnyurwf47qn8jqs8trhyw0uau,ACTIVE,0,221,242,237,238,False
gonka16qm4h6qlv5q65cz6q4m4z4h252tzk55hfu0u6f,INACTIVE,0,237,238,237,238,False
gonka16r4kxszdpa6k7wakgt6wk6vus6txhqwqd5drkh,ACTIVE,0,221,242,237,238,False
gonka1a6jjdd2ufn7x5qpp56627pk40sneqwyl989444,INACTIVE,0,234,238,237,238,False
gonka1ddhzyd0xlhqnzp05apu26s3ay6mn4mlzll5mjz,INACTIVE,0,236,238,237,238,False
gonka1ksvye76z43mrtjpdkh3krm579clamh9yh2ytn8,INACTIVE,0,236,238,237,238,False
gonka1kysyccuws3hl7ul2e9kfftanevvsskf5jtjfr2,INACTIVE,0,235,238,237,238,False
gonka1puuuug080fa7p3kpdvwq624ufnxe4vqg8yd62f,INACTIVE,0,237,238,237,238,False
gonka1qw4wmm6gp57yanpe5jmhmwpcwqzag30zgk7tat,INACTIVE,0,236,238,237,238,False
gonka1r6xg9wcw2ekrlyyp0ct04zqv23dz695tcdx6vh,INACTIVE,0,237,238,237,238,False
gonka1rkr3np6d965ztapgle7hlynvdtx5pqqwef9ks8,INACTIVE,0,237,238,237,238,False
gonka1vjshzxh3sfam2xh0f7vzz4klrv5pkq4zutk8qt,INACTIVE,0,220,238,237,238,False
gonka1vxusszuq3z92ck4q5vkd877zu5grk7qu2j7dqf,INACTIVE,0,237,238,237,238,False
gonka1w6clgj4gjpd3r28gjp7vrza3rwzujl4gty6ln7,INACTIVE,0,237,238,237,238,False
gonka1xnf7rsktgug63zfl68f22rnecljruzyk6f0ja6,INACTIVE,0,237,238,237,238,False
gonka105az9lyvju6l32qvl4xkzqru4cs4xuft8lh0e5,INACTIVE,0,238,239,238,239,False
gonka17f3cgvf0xd5rpafaqeugyqece62ahef2nexa9g,INACTIVE,0,238,239,238,239,False
gonka17njwpngllwv7hlgsdx2h7n0yxjjsqgth2lsy72,INACTIVE,0,234,239,238,239,False
gonka1895n7u9np4s675vhksellqkpkqxk5xkv4upaxr,INACTIVE,0,237,239,238,239,False
gonka1eaf9r3qqnweqx23z0ahh77legtv2gnk3wwdwl2,INACTIVE,0,228,239,238,239,False
gonka1fy86zl25jft206rx0j63km5ru2cn3e7t80zzu8,INACTIVE,0,235,239,238,239,False
gonka1gxue6uufgvh6dgjexqvsv7ph99k8wkatafymqw,INACTIVE,0,237,239,238,239,False
gonka1hatmw3tnlskh6jzkc8ds2yxvlpmrvhrz8pgx0c,INACTIVE,0,237,239,238,239,False
gonka1n57qkc9umnqu4whuy7rse9gx09f9m470wq9f2u,INACTIVE,0,236,239,238,239,False
gonka1nykx6u9qklnq7nkqm0px2nwthu4hzfkhejcrze,INACTIVE,0,236,239,238,239,False
gonka1pa6xam0gh4hccrsunf9nmervcqt3pe5z9l3xrl,INACTIVE,0,235,239,238,239,False
gonka1pjpkm3plwgr3h7jemjxtvfeqypnzemussthdvz,INACTIVE,0,237,239,238,239,False
gonka1q5n2dyavs267z64kdljw4u8wy9y6a45sk020pu,INACTIVE,0,238,239,238,239,False
gonka1qlc7kpa3lm8fz0muw54unkwxd8rwt509y5jydd,INACTIVE,0,238,239,238,239,False
gonka1qp9pyg45lagg2gnpt83ryp05emlekp95jgzdja,INACTIVE,0,238,239,238,239,False
gonka1290wk5as5vg4f6l5r5sl2hjr2ty24lam3l6vlj,INACTIVE,0,234,240,239,240,False
gonka18jv6tlf26fekum8zxa5zmgnz7anqunkxddjaf9,INACTIVE,0,239,240,239,240,False
gonka18x3y80uu9s53lewvt0eu6tgc9rrvaht7yqzmw4,INACTIVE,0,233,240,239,240,False
gonka1c3jmrfkysvrlgv9av98wlyq4yed3x7uue0wvy2,INACTIVE,0,238,240,239,240,False
gonka1cgf6pmcnkf54rctpgzpx6j32zeut8udm0rr8rf,INACTIVE,0,238,240,239,240,False
gonka1crldgzq22fly44ek58rq900ef48usac8f3hpxd,INACTIVE,0,233,240,239,240,False
gonka1mkdgh784u7la8fpexnge9wqhdw65al67f9e2k3,INACTIVE,0,221,240,239,240,False
gonka1s5cqcwmggkp47nwczq3nluh0rjsut4auz69lyg,INACTIVE,0,238,240,239,240,False
gonka1ts6k67zt064z87rx9hztm93cd3yh5mkqje6z4c,ACTIVE,0,237,244,239,240,False
gonka1wzm3dmnkymnuj8g5mxne9w453ef05mteun4cpz,INACTIVE,0,239,240,239,240,False
gonka1ylz70ycevzkv3t2s004xpetd2eqwj6ylr3fpv0,INACTIVE,0,239,240,239,240,False
gonka108gphssdzk24czkrm9apwf50uvs8073u4kwn5t,INACTIVE,0,239,241,240,241,False
gonka10pgvk2tumqy5n4v2h9dqtkxqes9p208qdy37ta,INACTIVE,0,239,241,240,241,False
gonka18d032cycta26ussz94was3us7tlwcgh4gx75xp,INACTIVE,0,240,241,240,241,False
gonka1grj4l6fr9uqj43tqqe6m4st7a6zwam8rznzryy,INACTIVE,0,240,241,240,241,False
gonka1h4e7j4h5jy8dac8sjqke2pckvv6eva5ec2v0jv,INACTIVE,0,238,241,240,241,False
gonka1j8l7fcxqxakp2py7jcgh27ccgxaze7krscxfe5,ACTIVE,0,228,241,240,241,False
gonka1jqwrpyqn34jx0ermlus46f87epayqxtakhyu5u,ACTIVE,0,237,244,240,241,False
gonka1mhhq8ky8czhny7wk3sk9uquwn43twd4emksh3e,INACTIVE,0,237,241,240,241,False
gonka1nfz6dszuzcewxaukt7t6natedpdjptf9r7uxwg,INACTIVE,0,240,241,240,241,False
gonka1rs5hvyh4rs2f0y9ywkmwfek8r0d59tf4pvknwg,INACTIVE,0,240,241,240,241,False
gonka1t8p0tjqls358gmzvd3rnnjulraq2k3m772vnt8,INACTIVE,0,230,248,240,241,False
gonka1tj9573sdggg2s9ysq8ec7me8xactn0a4kusqaa,INACTIVE,0,239,241,240,241,False
gonka1tmngrjsrnwu3d3c7r3043wf2ml692w0pnpu044,INACTIVE,0,240,241,240,241,False
gonka1u8s6vtmp79an7f7xw8hmrmvlntadf3j8na3ajc,INACTIVE,0,240,241,240,241,False
gonka12s6rzcvuq4mc3rl6dm9n3j609vm3pp39vwhuk6,INACTIVE,0,238,242,241,242,False
gonka165eh4p7rkucdv3p0pd92l67rm8fw8apq0p2c9e,INACTIVE,0,236,242,241,242,False
gonka16s9lzz6z882l4lzhm6lh6p4xgsy7r4qlzlgq2u,INACTIVE,0,240,242,241,242,False
gonka19gua58wyw5q5r2zqfnzj8srrftk4wy5kewszue,INACTIVE,0,239,242,241,242,False
gonka1cur9xf76n8gvgvw608r3kaxfeamyafpw5wkc99,INACTIVE,0,241,242,241,242,False
gonka1dc645alkwumpj3fuhxg4xu6hc255w3q5s9p3rs,INACTIVE,0,241,242,241,242,False
gonka1fwyt5sz43zs3hc8k0r5cgquvss9d6aa2975pfw,INACTIVE,0,241,242,241,242,False
gonka1fyu654mhgdq2fwns2mupuzdtzxjy3k7jwew4rl,INACTIVE,0,239,242,241,242,False
gonka1gjuagf8hw0skzwhekxxhccy6zy4g3qxal5ynku,INACTIVE,0,240,242,241,242,False
gonka1jfs2xqkykvlpgfahslqpljr5sxcekw7s8kutvl,INACTIVE,0,241,242,241,242,False
gonka1k9wr42jrdudvxsrdrgnxqaxcchrwy2ss84ha7t,INACTIVE,0,236,242,241,242,False
gonka1wt8sr9jxzpec65j7zkxsgh6edk3m6r8nlf5za4,ACTIVE,0,221,244,241,242,False
gonka1xnnu7yj6lsdmh3cjne9hk929y6yx8u5rwredz0,INACTIVE,0,241,242,241,242,False
gonka12yxxjv4n3al94jgythp4jqyas8een5pu6xr2nr,INACTIVE,0,242,243,242,243,False
gonka149c9zggn4su56mrasyrkakk8apcpuz23sx35eq,INACTIVE,0,241,243,242,243,False
gonka18wn7au6ezwnswn9jaqhjkf7wa9plrppd0ufz3p,INACTIVE,0,240,243,242,243,False
gonka1ays6epuyqejjj0fxgj9lx9mxv42q3ac64y28sp,INACTIVE,0,239,243,242,243,False
gonka1ekdjk6vfnsnn4dr8fsdeyjtg5g3c0wyp4z3ett,INACTIVE,0,241,243,242,243,False
gonka1gum47e5sn43ughhktw5a46f7rc6cs2s08tpl69,INACTIVE,0,241,243,242,243,False
gonka1k8emnxc8ex8qa47h9l5y0dxprxen0hhqlnexwy,INACTIVE,0,236,243,242,243,False
gonka1lv34hh600uye40wjjq9fspqwernyjqjuz92w8f,INACTIVE,0,221,243,242,243,False
gonka1m3nnusrecvld0jwueulywqwq0wa0tp7uav2n39,INACTIVE,0,241,243,242,243,False
gonka1mf3w6hjc3y56tk85zqqgj25rxmp6wuv0vr74d7,INACTIVE,0,242,243,242,243,False
gonka1v5e25pcuvnv7q8vd2uwhvkkhskfs5laaxx3g8s,INACTIVE,0,242,243,242,243,False
gonka1wttl0ghw929832auepgvq3gqrpfatcnfrzvqw2,INACTIVE,0,242,243,242,243,False
gonka1y4rhy7fd7hlkrntctmxyehjkq8rrzp27nenk9v,INACTIVE,0,242,243,242,243,False
gonka1yrqlpjnpqv9d626vl8s29vk383x74s0k5tdtd0,INACTIVE,0,242,243,242,243,False
gonka1zj97wuqysdd0snt07z9204hlnf7phc4v9dnl5f,INACTIVE,0,242,243,242,243,False
gonka100yl7qvcpdrt834zay8wusptg8g6yrv4p7fh4w,INACTIVE,0,221,244,243,244,False
gonka107et3r7gxsrkce7wq42jjf5k98r5xvsfy6xsn5,INACTIVE,0,233,246,243,244,False
gonka10thh6z0wvq9c05j4z3f9qtpxxedruqn5ae350k,INACTIVE,0,238,244,243,244,False
gonka157lvhw8ay84qf6xs6rhvud7hjpnsp5zdcqg0s5,ACTIVE,0,220,245,243,244,False
gonka174jxwp94lwgqr4nwlj5kke3z6fnat6p5dlg55x,INACTIVE,0,243,244,243,244,False
gonka1c7wr8u3j78dfd2jmymzq3c3a2gzx75g2s682dl,ACTIVE,0,237,244,243,244,False
gonka1ek6mqw0g0jzee3gexx70nepqw86dxmknur6f42,INACTIVE,0,243,244,243,244,False
gonka1mgu675kpx9fxftcs80x7sn4tdxcsqfnhes5j88,INACTIVE,0,243,244,243,244,False
gonka1u9pwgk75elh6qk9ehjm38xx4h9xzt99us3meud,INACTIVE,0,243,244,243,244,False
gonka1ukxf7quyy8qsz3gy2crtlzh5qfptd2awzs3a4k,ACTIVE,0,236,244,243,244,False
gonka1x5zn0e5n9c8qjjjt38g0wd05px89q5pxaxqpq7,ACTIVE,0,221,244,243,244,False
gonka1xjdmt0s2dy5juxh0uhct3lye94xdmf4ku528sh,ACTIVE,0,238,244,243,244,False
gonka1y4fvesetallc8w5srs3fdeaashzez0v2maksey,INACTIVE,0,243,244,243,244,False
gonka1yvygc3csnr2c6ee6lag82wk7p2s9vss0npu7an,INACTIVE,0,243,244,243,244,False
gonka12fdlw5g8wex6v74nd42vfhnympsz5kn8p3adh5,INACTIVE,0,244,245,244,245,False
gonka14wp5g2auyarncnwk6ufl8stmyrlgzx0l0d3f80,INACTIVE,0,242,245,244,245,False
gonka17akw9frq5grupdh9fwtc4mym3fgcujf9esdmta,INACTIVE,0,243,245,244,245,False
gonka19kue8dlczfr0vl94tta3l9k5s08hwuu0zd5ewv,ACTIVE,0,233,246,244,245,False
gonka1dhn7hjn6udpyv6gkhfulnalufv4947a4e9kyne,INACTIVE,0,244,245,244,245,False
gonka1edyd5lny4esrc35f6egjukmnfseyyyj4vn54mc,INACTIVE,0,243,245,244,245,False
gonka1fwjwxw6cvspwautdrhr2jf4mfayy074t5npwnx,INACTIVE,0,242,245,244,245,False
gonka1p3hklp6flhdffdkwr70azcsum77fha3ecqwgg0,INACTIVE,0,244,245,244,245,False
gonka1s43peau7vafujfxyape603yklhdzjh2stq702z,INACTIVE,0,244,245,244,245,False
gonka1sq6myvv8r263v4ll5l3ny790nsg5s4507crtqr,INACTIVE,0,243,245,244,245,False
gonka1xmgcpaw6n57ewn6s2fhggxaakemaaxuv4pdpmq,INACTIVE,0,244,245,244,245,False
gonka105qfr38n0rz0d2r8hererw9ws5qx7njcujezvu,INACTIVE,0,228,246,245,246,False
gonka10cyq8zuplcwr5ntesxn52wp5ky3a7c3nrqdce8,INACTIVE,0,231,246,245,246,False
gonka10kjjhgzngn2yj9fgrcfu4wf5lj6xv05u7xhz53,INACTIVE,0,231,246,245,246,False
gonka12kqft8tme0z5zm6skx8zwja7aq8knqc0udfcwp,INACTIVE,0,244,246,245,246,False
gonka13kd0e5393704ummmwf7pqvphlm5qsqdpe3kal2,INACTIVE,0,243,246,245,246,False
gonka15pgw0fe32rv78hdj2clch9acy0mv08j7xkrmxz,INACTIVE,0,244,246,245,246,False
gonka15sptlamre9vq4m5t7pa7je5r2pc34kmlwvj0jz,INACTIVE,0,229,250,245,246,False
gonka19qkysq3adu5lrasgvgy7ecd78erz7jndye92jv,INACTIVE,0,244,246,245,246,False
gonka1gt0406jz45mjt0jujqtfd3m9lcyah93t0wj084,ACTIVE,0,242,246,245,246,False
gonka1jcxsgcnctv69xd9v35qy45m45pg3wwhn0f8pl2,INACTIVE,0,243,246,245,246,False
gonka1upq4e3ahzea8mu5mhrdptff94xru98lx47h43z,INACTIVE,0,245,246,245,246,False
gonka1x20c5d9wzatlr0t69xjm05x9uemq9mnk00udfa,INACTIVE,0,245,246,245,246,False
gonka1yrfq267gf5jz76m3j5sln7f5h00t9g6fmat4gp,INACTIVE,0,245,246,245,246,False
gonka1yukev873tps58s6rlkh6czs5rrqp2sdqw7pm58,INACTIVE,0,245,246,245,246,False
gonka100xav7dpl82gxrtg72yjhpz2zn6f24gv035ted,INACTIVE,0,231,247,246,247,False
gonka10g4ak0ku3lezt0q3kk346updcyyz83369pqtgx,INACTIVE,0,231,247,246,247,False
gonka10ux22dq9a5dn5t4v370vzkww874yc6pmudxjen,INACTIVE,0,230,247,246,247,False
gonka123fment8nj6mrekwv9rh5zmevxjd7t05c8azrd,INACTIVE,0,233,247,246,247,False
gonka125xgn4z89quhrjhv6qfgn83wqwlaykxs8upjrt,INACTIVE,0,233,247,246,247,False
gonka129ks6ra4ddy8ppsfk0gr8yu24sqk3nanmm34cs,INACTIVE,0,228,247,246,247,False
gonka12gc47yq8m7rnsa3aucq8mlzm7men8jaac7qkkz,INACTIVE,0,236,248,246,247,False
gonka1369ax8kr4ma8zu708jr3x2r902lfs8tcguyxl8,INACTIVE,0,229,247,246,247,False
gonka13jelpte0qx5f0up3pzmmgnnqj5877rwfs08n7q,INACTIVE,0,228,247,246,247,False
gonka14zg378dzun4p2zhyuaq59y2q0e340wzahgz97q,INACTIVE,0,230,247,246,247,False
gonka168yvlgt9jg86frg2z90cc8w4pz9hnd7f8lshux,INACTIVE,0,220,248,246,247,False
gonka188qynuf5zs5966vzlrf2q2tj7h7laa995vrxr3,INACTIVE,0,228,247,246,247,False
gonka1c6y9p4w87equy52va4us3qzycz9w28ua9693gl,ACTIVE,0,235,247,246,247,False
gonka1elw9xd79mpsrt7jqwkweg6yv02nvda49xhcej2,INACTIVE,0,232,247,246,247,False
gonka1hytku6t3cfd7wppyrjvu357jjqpsgsw6wcprcy,INACTIVE,1,222,247,246,247,False
gonka1l7p83akwkcxtksnwve23x5wp47zammznm4qus8,INACTIVE,0,246,247,246,247,False
gonka1qx4f2vzhccv0ndhssfgafvf55xf4smuzjmkvky,INACTIVE,0,245,247,246,247,False
gonka1sa32xmpxvv7nepfc22004rgdl4ddjvne42guce,INACTIVE,0,225,247,246,247,False
gonka1vz2jg42w39l63dmvmjqdsnxx0ywnzt9nzypdy7,INACTIVE,0,228,247,246,247,False
gonka1wfn87ruutktth7l8ne3rvhmlsscqxah09kua02,INACTIVE,0,246,247,246,247,False
gonka1ym8g5f34h5zu4p4d4ldjnycfkty9qxpmyx5a3m,INACTIVE,0,245,247,246,247,False
gonka1yt2s5u5k06rm2au8dsqm4kzwmw7klqsrd6xd95,INACTIVE,0,236,247,246,247,False
gonka1043d00lu0v3fz53cut34twtcanalqg9u8vehp2,INACTIVE,0,234,249,247,248,False
gonka10jjrlvkfkqupgudz0l603sq99y3wkt3urwjm0x,INACTIVE,0,247,248,247,248,False
gonka10snluhflqhmwl5xrpuy9ugevypxdjjsft370fq,ACTIVE,0,244,249,247,248,False
gonka10t67f5zxh7canhuznxg7cperec6286jjqh5pey,ACTIVE,1,231,249,247,248,False
gonka12av9up884t9lcsf70rs0l7jfmkmc8k9sxfuknt,INVALID,5,220,250,247,248,True
gonka12fazh3etpdx947ldwen4wudnds7wu4kjp5vd76,INACTIVE,0,229,248,247,248,False
gonka145666cll76ptcyy9ceymtalr8gnvv73ne99p32,INACTIVE,0,226,249,247,248,False
gonka15rvksn9gxgpszyr8270cd4wj2x3d460r394uv4,INACTIVE,0,246,248,247,248,False
gonka16q0zaetd6hq6d8zj48ur0v967xrrwh566kcazc,INACTIVE,0,220,249,247,248,False
gonka17ef5hl0588tmjm9ypw7t2kge78wrkcpvyspc0p,INACTIVE,0,220,248,247,248,False
gonka17fcahf38xh8ghzyyrc55tarz9nd0vw6xd29nsk,INACTIVE,0,244,248,247,248,False
gonka17tlh09e32xpv2uj433ytjnwwd8fh24jclpzm5s,INACTIVE,0,240,248,247,248,False
gonka188c86f9mrlt4nlcg89f82nnfm9jzq9gtjafj50,INVALID,5,239,250,247,248,True
gonka1cckj93kp9kegry64scpn4ew9965g3qrswyshl9,INACTIVE,0,245,248,247,248,False
gonka1dpt9zx2dqcky6yjjwrd8xz2w7lq6vffy9mhvgs,INACTIVE,0,226,249,247,248,False
gonka1dzdmx5ljrwkelrmgd7suv2q43epn293qacpgqn,INVALID,0,246,250,247,248,True
gonka1eazh84v0e60s9m7exxp3nsadcfgvnsthgypjvl,ACTIVE,0,220,249,247,248,False
gonka1fp8zl07qccdzuekns2q55jgmcag40kjrm8z0z9,INACTIVE,0,233,248,247,248,False
gonka1ge9amk4ymld27d35akj3ky9uph4gyz6rdpepjj,INACTIVE,0,228,249,247,248,False
gonka1gyydhl9lp0udz3409ps0c0lk0y4ft8qcyv8tfq,ACTIVE,0,246,249,247,248,False
gonka1k6p754pyhxud2399knyccgjpjvdafj2u9xlgyf,ACTIVE,0,227,249,247,248,False
gonka1l0qv64xdu3dk2zzm5vk97j0drcmkus95u50gqk,ACTIVE,0,247,248,247,248,False
gonka1llgg3kvg9sc6xz09jtkcrucrppxgn78xe4xlv0,INACTIVE,0,225,249,247,248,False
gonka1lswsj2x7u4606wqpunmm07skgf76r3dyz4v0d8,INACTIVE,0,228,249,247,248,False
gonka1m27e6qup7q8jmvnrn29kahd7vlx6r4l84z4thz,INACTIVE,0,220,250,247,248,False
gonka1nkzdygk3g2p2usnueuqxyep3462350hgzxs86s,ACTIVE,0,247,249,247,248,False
gonka1p60lruhxmwcsa9taa28cp4k4f6kv2kvyu5h5ep,INACTIVE,0,232,249,247,248,False
gonka1psgzz288a434dv6863ldd73xma70zw7387muj2,INACTIVE,0,246,248,247,248,False
gonka1ql9asemklpkpr2d4mh33xw5gj0g5tm0v98c5q3,ACTIVE,0,246,249,247,248,False
gonka1r5hdy9q5v783ef7td98k4c68cxl6a58h5sytfq,INACTIVE,0,227,249,247,248,False
gonka1usmu5mfu8vsafvsrsvdutl50vy8kumdhv0j2x9,INACTIVE,0,247,248,247,248,False
gonka1vcawx5jc2hahydd9sqw30hlxyd9ppupm9ez0yz,ACTIVE,0,247,249,247,248,False
gonka1umvyh0rz5fdmk9qhxurshhchennajced6f4s89,ACTIVE,0,220,250,248,249,False
gonka1uzk2scggfzghr9a5j92l00gzw4jx4adc66977y,ACTIVE,0,220,249,248,249,False
gonka1h3s37p0l23mg6ak9h9nmayh6r9f2vm6umj3qet,ACTIVE,0,220,251,250,251,False
gonka1u9a7r4w76gult5n9ysadnual9fghkc6yda60wj,INACTIVE,0,247,252,250,251,False
gonka1jltjehxsnum94nt8c00ts7khmpy4lafv6gryzk,ACTIVE,0,238,253,252,253,False
gonka125n6kr5gvdup0lndfkps7t6rd6592panhrg3np,INACTIVE,0,221,254,252,254,False
gonka163ug8zucqeag9v5ey4au34jqt7vejkmxsg74eu,INACTIVE,0,221,254,252,254,False
gonka1830lqug50lse998x2lakk4pj5ypfumz5pasz0y,INACTIVE,0,221,255,253,254,False
gonka19cjm4c5mt3j3qdr8vhytmm4hef3pnkvkm0x7m2,INACTIVE,0,237,254,252,254,False
gonka1h2m79scgaq6ultrwge03wjk0ys4whgcejphmql,INACTIVE,0,251,254,253,254,False
gonka1mdy7nlecw4xaqdxmeh3qlqzakg9ftge9szfqgg,INACTIVE,0,221,254,252,254,False
gonka1tl5m3vuqsx333v7095ymwjdc4vdk2wd9r5hqws,INACTIVE,0,231,254,252,254,False
gonka1wkgawwdzj623ss8eywayzdj6qcgr2llygactje,ACTIVE,0,221,254,252,254,False
gonka1xwkesaxvdadh9wt9yyladu0r260s7whklcktds,INACTIVE,0,221,254,252,254,False
gonka1y4kyhqy022gt4kklxxflgqkutnx96ssww66zg6,ACTIVE,0,221,254,252,254,False
gonka14tqh62mangwzrma2lgg2dm375rcjzn2ydy8ttm,ACTIVE,0,220,255,254,255,False
gonka1ujnc662v6g69jm6fgxnr79a2m7ehzeut059239,INACTIVE,0,225,255,254,255,False
